#group,false,false,true,true,false,false,true,true,true
#datatype,string,long,dateTime:RFC3339,dateTime:RFC3339,dateTime:RFC3339,double,string,string,string
#default,mean,,,,,,,,
,result,table,_start,_stop,_time,_value,_field,_measurement,host
,,0,2022-05-23T04:31:03.489963653Z,2022-05-23T05:31:03.489963653Z,2022-05-23T04:31:20Z,37,H2,Aty,Esp-4
,,0,2022-05-23T04:31:03.489963653Z,2022-05-23T05:31:03.489963653Z,2022-05-23T04:31:50Z,37.27,H2,Aty,Esp-4
,,0,2022-05-23T04:31:03.489963653Z,2022-05-23T05:31:03.489963653Z,2022-05-23T04:32:00Z,37.04,H2,Aty,Esp-4
,,0,2022-05-23T04:31:03.489963653Z,2022-05-23T05:31:03.489963653Z,2022-05-23T04:32:50Z,37.13,H2,Aty,Esp-4
,,0,2022-05-23T04:31:03.489963653Z,2022-05-23T05:31:03.489963653Z,2022-05-23T04:33:10Z,37.15,H2,Aty,Esp-4
,,0,2022-05-23T04:31:03.489963653Z,2022-05-23T05:31:03.489963653Z,2022-05-23T04:33:30Z,36.39,H2,Aty,Esp-4
,,0,2022-05-23T04:31:03.489963653Z,2022-05-23T05:31:03.489963653Z,2022-05-23T04:33:40Z,36.75,H2,Aty,Esp-4
,,0,2022-05-23T04:31:03.489963653Z,2022-05-23T05:31:03.489963653Z,2022-05-23T04:34:20Z,37.26,H2,Aty,Esp-4
,,0,2022-05-23T04:31:03.489963653Z,2022-05-23T05:31:03.489963653Z,2022-05-23T04:35:10Z,36.32,H2,Aty,Esp-4
,,0,2022-05-23T04:31:03.489963653Z,2022-05-23T05:31:03.489963653Z,2022-05-23T04:35:30Z,36.88,H2,Aty,Esp-4
,,0,2022-05-23T04:31:03.489963653Z,2022-05-23T05:31:03.489963653Z,2022-05-23T04:35:50Z,36.91,H2,Aty,Esp-4
,,0,2022-05-23T04:31:03.489963653Z,2022-05-23T05:31:03.489963653Z,2022-05-23T04:36:10Z,36.57,H2,Aty,Esp-4
,,0,2022-05-23T04:31:03.489963653Z,2022-05-23T05:31:03.489963653Z,2022-05-23T04:36:20Z,36.29,H2,Aty,Esp-4
,,0,2022-05-23T04:31:03.489963653Z,2022-05-23T05:31:03.489963653Z,2022-05-23T04:36:40Z,36.51,H2,Aty,Esp-4
,,0,2022-05-23T04:31:03.489963653Z,2022-05-23T05:31:03.489963653Z,2022-05-23T04:37:00Z,36.93,H2,Aty,Esp-4
,,0,2022-05-23T04:31:03.489963653Z,2022-05-23T05:31:03.489963653Z,2022-05-23T04:37:20Z,36.5,H2,Aty,Esp-4
,,0,2022-05-23T04:31:03.489963653Z,2022-05-23T05:31:03.489963653Z,2022-05-23T04:37:40Z,37.21,H2,Aty,Esp-4
,,0,2022-05-23T04:31:03.489963653Z,2022-05-23T05:31:03.489963653Z,2022-05-23T04:37:50Z,36.66,H2,Aty,Esp-4
,,0,2022-05-23T04:31:03.489963653Z,2022-05-23T05:31:03.489963653Z,2022-05-23T04:38:50Z,37.66,H2,Aty,Esp-4
,,0,2022-05-23T04:31:03.489963653Z,2022-05-23T05:31:03.489963653Z,2022-05-23T04:39:10Z,37.08,H2,Aty,Esp-4
,,0,2022-05-23T04:31:03.489963653Z,2022-05-23T05:31:03.489963653Z,2022-05-23T04:39:20Z,36.77,H2,Aty,Esp-4
,,0,2022-05-23T04:31:03.489963653Z,2022-05-23T05:31:03.489963653Z,2022-05-23T05:25:40Z,34.11,H2,Aty,Esp-4
,,0,2022-05-23T04:31:03.489963653Z,2022-05-23T05:31:03.489963653Z,2022-05-23T05:26:10Z,33.71,H2,Aty,Esp-4
,,0,2022-05-23T04:31:03.489963653Z,2022-05-23T05:31:03.489963653Z,2022-05-23T05:26:20Z,34.89,H2,Aty,Esp-4
,,0,2022-05-23T04:31:03.489963653Z,2022-05-23T05:31:03.489963653Z,2022-05-23T05:26:30Z,33.86,H2,Aty,Esp-4
,,0,2022-05-23T04:31:03.489963653Z,2022-05-23T05:31:03.489963653Z,2022-05-23T05:27:00Z,34.13,H2,Aty,Esp-4
,,0,2022-05-23T04:31:03.489963653Z,2022-05-23T05:31:03.489963653Z,2022-05-23T05:27:10Z,34.03,H2,Aty,Esp-4
,,0,2022-05-23T04:31:03.489963653Z,2022-05-23T05:31:03.489963653Z,2022-05-23T05:27:30Z,34.26,H2,Aty,Esp-4
,,0,2022-05-23T04:31:03.489963653Z,2022-05-23T05:31:03.489963653Z,2022-05-23T05:27:50Z,34,H2,Aty,Esp-4
,,0,2022-05-23T04:31:03.489963653Z,2022-05-23T05:31:03.489963653Z,2022-05-23T05:28:00Z,34.02,H2,Aty,Esp-4
,,0,2022-05-23T04:31:03.489963653Z,2022-05-23T05:31:03.489963653Z,2022-05-23T05:28:40Z,33.87,H2,Aty,Esp-4
,,0,2022-05-23T04:31:03.489963653Z,2022-05-23T05:31:03.489963653Z,2022-05-23T05:29:00Z,34.14,H2,Aty,Esp-4
,,0,2022-05-23T04:31:03.489963653Z,2022-05-23T05:31:03.489963653Z,2022-05-23T05:29:20Z,33.91,H2,Aty,Esp-4
,,0,2022-05-23T04:31:03.489963653Z,2022-05-23T05:31:03.489963653Z,2022-05-23T05:29:30Z,34.05,H2,Aty,Esp-4
,,0,2022-05-23T04:31:03.489963653Z,2022-05-23T05:31:03.489963653Z,2022-05-23T05:30:50Z,33.95,H2,Aty,Esp-4
,,0,2022-05-23T04:31:03.489963653Z,2022-05-23T05:31:03.489963653Z,2022-05-23T05:31:00Z,33.84,H2,Aty,Esp-4
,,1,2022-05-23T04:31:03.489963653Z,2022-05-23T05:31:03.489963653Z,2022-05-23T04:31:20Z,4.57,Propane,Aty,Esp-4
,,1,2022-05-23T04:31:03.489963653Z,2022-05-23T05:31:03.489963653Z,2022-05-23T04:31:50Z,4.59,Propane,Aty,Esp-4
,,1,2022-05-23T04:31:03.489963653Z,2022-05-23T05:31:03.489963653Z,2022-05-23T04:32:00Z,4.57,Propane,Aty,Esp-4
,,1,2022-05-23T04:31:03.489963653Z,2022-05-23T05:31:03.489963653Z,2022-05-23T04:32:40Z,4.51,Propane,Aty,Esp-4
,,1,2022-05-23T04:31:03.489963653Z,2022-05-23T05:31:03.489963653Z,2022-05-23T04:32:50Z,4.58,Propane,Aty,Esp-4
,,1,2022-05-23T04:31:03.489963653Z,2022-05-23T05:31:03.489963653Z,2022-05-23T04:33:10Z,4.58,Propane,Aty,Esp-4
,,1,2022-05-23T04:31:03.489963653Z,2022-05-23T05:31:03.489963653Z,2022-05-23T04:33:40Z,4.51,Propane,Aty,Esp-4
,,1,2022-05-23T04:31:03.489963653Z,2022-05-23T05:31:03.489963653Z,2022-05-23T04:33:50Z,4.55,Propane,Aty,Esp-4
,,1,2022-05-23T04:31:03.489963653Z,2022-05-23T05:31:03.489963653Z,2022-05-23T04:34:20Z,4.59,Propane,Aty,Esp-4
,,1,2022-05-23T04:31:03.489963653Z,2022-05-23T05:31:03.489963653Z,2022-05-23T04:35:00Z,4.59,Propane,Aty,Esp-4
,,1,2022-05-23T04:31:03.489963653Z,2022-05-23T05:31:03.489963653Z,2022-05-23T04:35:20Z,4.51,Propane,Aty,Esp-4
,,1,2022-05-23T04:31:03.489963653Z,2022-05-23T05:31:03.489963653Z,2022-05-23T04:35:40Z,4.56,Propane,Aty,Esp-4
,,1,2022-05-23T04:31:03.489963653Z,2022-05-23T05:31:03.489963653Z,2022-05-23T04:35:50Z,4.56,Propane,Aty,Esp-4
,,1,2022-05-23T04:31:03.489963653Z,2022-05-23T05:31:03.489963653Z,2022-05-23T04:36:10Z,4.53,Propane,Aty,Esp-4
,,1,2022-05-23T04:31:03.489963653Z,2022-05-23T05:31:03.489963653Z,2022-05-23T04:36:30Z,4.5,Propane,Aty,Esp-4
,,1,2022-05-23T04:31:03.489963653Z,2022-05-23T05:31:03.489963653Z,2022-05-23T04:36:50Z,4.52,Propane,Aty,Esp-4
,,1,2022-05-23T04:31:03.489963653Z,2022-05-23T05:31:03.489963653Z,2022-05-23T04:37:10Z,4.56,Propane,Aty,Esp-4
,,1,2022-05-23T04:31:03.489963653Z,2022-05-23T05:31:03.489963653Z,2022-05-23T04:37:20Z,4.52,Propane,Aty,Esp-4
,,1,2022-05-23T04:31:03.489963653Z,2022-05-23T05:31:03.489963653Z,2022-05-23T04:37:40Z,4.59,Propane,Aty,Esp-4
,,1,2022-05-23T04:31:03.489963653Z,2022-05-23T05:31:03.489963653Z,2022-05-23T04:38:10Z,4.54,Propane,Aty,Esp-4
,,1,2022-05-23T04:31:03.489963653Z,2022-05-23T05:31:03.489963653Z,2022-05-23T04:38:50Z,4.63,Propane,Aty,Esp-4
,,1,2022-05-23T04:31:03.489963653Z,2022-05-23T05:31:03.489963653Z,2022-05-23T04:39:10Z,4.58,Propane,Aty,Esp-4
,,1,2022-05-23T04:31:03.489963653Z,2022-05-23T05:31:03.489963653Z,2022-05-23T04:39:30Z,4.55,Propane,Aty,Esp-4
,,1,2022-05-23T04:31:03.489963653Z,2022-05-23T05:31:03.489963653Z,2022-05-23T05:25:40Z,4.3,Propane,Aty,Esp-4
,,1,2022-05-23T04:31:03.489963653Z,2022-05-23T05:31:03.489963653Z,2022-05-23T05:26:10Z,4.26,Propane,Aty,Esp-4
,,1,2022-05-23T04:31:03.489963653Z,2022-05-23T05:31:03.489963653Z,2022-05-23T05:26:20Z,4.37,Propane,Aty,Esp-4
,,1,2022-05-23T04:31:03.489963653Z,2022-05-23T05:31:03.489963653Z,2022-05-23T05:26:40Z,4.28,Propane,Aty,Esp-4
,,1,2022-05-23T04:31:03.489963653Z,2022-05-23T05:31:03.489963653Z,2022-05-23T05:27:00Z,4.3,Propane,Aty,Esp-4
,,1,2022-05-23T04:31:03.489963653Z,2022-05-23T05:31:03.489963653Z,2022-05-23T05:27:10Z,4.29,Propane,Aty,Esp-4
,,1,2022-05-23T04:31:03.489963653Z,2022-05-23T05:31:03.489963653Z,2022-05-23T05:27:30Z,4.31,Propane,Aty,Esp-4
,,1,2022-05-23T04:31:03.489963653Z,2022-05-23T05:31:03.489963653Z,2022-05-23T05:28:00Z,4.29,Propane,Aty,Esp-4
,,1,2022-05-23T04:31:03.489963653Z,2022-05-23T05:31:03.489963653Z,2022-05-23T05:28:30Z,4.3,Propane,Aty,Esp-4
,,1,2022-05-23T04:31:03.489963653Z,2022-05-23T05:31:03.489963653Z,2022-05-23T05:28:40Z,4.28,Propane,Aty,Esp-4
,,1,2022-05-23T04:31:03.489963653Z,2022-05-23T05:31:03.489963653Z,2022-05-23T05:29:00Z,4.3,Propane,Aty,Esp-4
,,1,2022-05-23T04:31:03.489963653Z,2022-05-23T05:31:03.489963653Z,2022-05-23T05:29:20Z,4.28,Propane,Aty,Esp-4
,,1,2022-05-23T04:31:03.489963653Z,2022-05-23T05:31:03.489963653Z,2022-05-23T05:30:50Z,4.28,Propane,Aty,Esp-4
,,2,2022-05-23T04:31:03.489963653Z,2022-05-23T05:31:03.489963653Z,2022-05-23T04:31:10Z,4095,NO2,Aty,Esp-4
,,2,2022-05-23T04:31:03.489963653Z,2022-05-23T05:31:03.489963653Z,2022-05-23T04:31:30Z,4095,NO2,Aty,Esp-4
,,2,2022-05-23T04:31:03.489963653Z,2022-05-23T05:31:03.489963653Z,2022-05-23T04:31:50Z,4095,NO2,Aty,Esp-4
,,2,2022-05-23T04:31:03.489963653Z,2022-05-23T05:31:03.489963653Z,2022-05-23T04:32:10Z,4095,NO2,Aty,Esp-4
,,2,2022-05-23T04:31:03.489963653Z,2022-05-23T05:31:03.489963653Z,2022-05-23T04:32:40Z,4095,NO2,Aty,Esp-4
,,2,2022-05-23T04:31:03.489963653Z,2022-05-23T05:31:03.489963653Z,2022-05-23T04:33:00Z,4095,NO2,Aty,Esp-4
,,2,2022-05-23T04:31:03.489963653Z,2022-05-23T05:31:03.489963653Z,2022-05-23T04:33:20Z,4095,NO2,Aty,Esp-4
,,2,2022-05-23T04:31:03.489963653Z,2022-05-23T05:31:03.489963653Z,2022-05-23T04:33:40Z,4095,NO2,Aty,Esp-4
,,2,2022-05-23T04:31:03.489963653Z,2022-05-23T05:31:03.489963653Z,2022-05-23T04:34:20Z,4095,NO2,Aty,Esp-4
,,2,2022-05-23T04:31:03.489963653Z,2022-05-23T05:31:03.489963653Z,2022-05-23T04:34:30Z,4095,NO2,Aty,Esp-4
,,2,2022-05-23T04:31:03.489963653Z,2022-05-23T05:31:03.489963653Z,2022-05-23T04:35:10Z,4095,NO2,Aty,Esp-4
,,2,2022-05-23T04:31:03.489963653Z,2022-05-23T05:31:03.489963653Z,2022-05-23T04:35:30Z,4095,NO2,Aty,Esp-4
,,2,2022-05-23T04:31:03.489963653Z,2022-05-23T05:31:03.489963653Z,2022-05-23T04:35:40Z,4095,NO2,Aty,Esp-4
,,2,2022-05-23T04:31:03.489963653Z,2022-05-23T05:31:03.489963653Z,2022-05-23T04:36:00Z,4095,NO2,Aty,Esp-4
,,2,2022-05-23T04:31:03.489963653Z,2022-05-23T05:31:03.489963653Z,2022-05-23T04:36:20Z,4095,NO2,Aty,Esp-4
,,2,2022-05-23T04:31:03.489963653Z,2022-05-23T05:31:03.489963653Z,2022-05-23T04:36:40Z,4095,NO2,Aty,Esp-4
,,2,2022-05-23T04:31:03.489963653Z,2022-05-23T05:31:03.489963653Z,2022-05-23T04:37:00Z,4095,NO2,Aty,Esp-4
,,2,2022-05-23T04:31:03.489963653Z,2022-05-23T05:31:03.489963653Z,2022-05-23T04:37:10Z,4095,NO2,Aty,Esp-4
,,2,2022-05-23T04:31:03.489963653Z,2022-05-23T05:31:03.489963653Z,2022-05-23T04:37:30Z,4095,NO2,Aty,Esp-4
,,2,2022-05-23T04:31:03.489963653Z,2022-05-23T05:31:03.489963653Z,2022-05-23T04:37:50Z,4095,NO2,Aty,Esp-4
,,2,2022-05-23T04:31:03.489963653Z,2022-05-23T05:31:03.489963653Z,2022-05-23T04:38:10Z,4095,NO2,Aty,Esp-4
,,2,2022-05-23T04:31:03.489963653Z,2022-05-23T05:31:03.489963653Z,2022-05-23T04:38:50Z,4095,NO2,Aty,Esp-4
,,2,2022-05-23T04:31:03.489963653Z,2022-05-23T05:31:03.489963653Z,2022-05-23T04:39:00Z,4095,NO2,Aty,Esp-4
,,2,2022-05-23T04:31:03.489963653Z,2022-05-23T05:31:03.489963653Z,2022-05-23T04:39:20Z,4095,NO2,Aty,Esp-4
,,2,2022-05-23T04:31:03.489963653Z,2022-05-23T05:31:03.489963653Z,2022-05-23T05:25:50Z,4095,NO2,Aty,Esp-4
,,2,2022-05-23T04:31:03.489963653Z,2022-05-23T05:31:03.489963653Z,2022-05-23T05:26:10Z,4095,NO2,Aty,Esp-4
,,2,2022-05-23T04:31:03.489963653Z,2022-05-23T05:31:03.489963653Z,2022-05-23T05:26:30Z,4095,NO2,Aty,Esp-4
,,2,2022-05-23T04:31:03.489963653Z,2022-05-23T05:31:03.489963653Z,2022-05-23T05:26:50Z,4095,NO2,Aty,Esp-4
,,2,2022-05-23T04:31:03.489963653Z,2022-05-23T05:31:03.489963653Z,2022-05-23T05:27:00Z,4095,NO2,Aty,Esp-4
,,2,2022-05-23T04:31:03.489963653Z,2022-05-23T05:31:03.489963653Z,2022-05-23T05:27:20Z,4095,NO2,Aty,Esp-4
,,2,2022-05-23T04:31:03.489963653Z,2022-05-23T05:31:03.489963653Z,2022-05-23T05:27:40Z,4095,NO2,Aty,Esp-4
,,2,2022-05-23T04:31:03.489963653Z,2022-05-23T05:31:03.489963653Z,2022-05-23T05:28:00Z,4095,NO2,Aty,Esp-4
,,2,2022-05-23T04:31:03.489963653Z,2022-05-23T05:31:03.489963653Z,2022-05-23T05:28:40Z,4095,NO2,Aty,Esp-4
,,2,2022-05-23T04:31:03.489963653Z,2022-05-23T05:31:03.489963653Z,2022-05-23T05:28:50Z,4095,NO2,Aty,Esp-4
,,2,2022-05-23T04:31:03.489963653Z,2022-05-23T05:31:03.489963653Z,2022-05-23T05:29:10Z,4095,NO2,Aty,Esp-4
,,2,2022-05-23T04:31:03.489963653Z,2022-05-23T05:31:03.489963653Z,2022-05-23T05:29:30Z,4095,NO2,Aty,Esp-4
,,2,2022-05-23T04:31:03.489963653Z,2022-05-23T05:31:03.489963653Z,2022-05-23T05:30:40Z,4095,NO2,Aty,Esp-4
,,2,2022-05-23T04:31:03.489963653Z,2022-05-23T05:31:03.489963653Z,2022-05-23T05:31:00Z,4095,NO2,Aty,Esp-4
,,3,2022-05-23T04:31:03.489963653Z,2022-05-23T05:31:03.489963653Z,2022-05-23T04:31:20Z,4.58,NH3,Aty,Esp-4
,,3,2022-05-23T04:31:03.489963653Z,2022-05-23T05:31:03.489963653Z,2022-05-23T04:31:50Z,4.61,NH3,Aty,Esp-4
,,3,2022-05-23T04:31:03.489963653Z,2022-05-23T05:31:03.489963653Z,2022-05-23T04:32:00Z,4.36,NH3,Aty,Esp-4
,,3,2022-05-23T04:31:03.489963653Z,2022-05-23T05:31:03.489963653Z,2022-05-23T04:32:40Z,4.45,NH3,Aty,Esp-4
,,3,2022-05-23T04:31:03.489963653Z,2022-05-23T05:31:03.489963653Z,2022-05-23T04:33:00Z,4.42,NH3,Aty,Esp-4
,,3,2022-05-23T04:31:03.489963653Z,2022-05-23T05:31:03.489963653Z,2022-05-23T04:33:10Z,4.38,NH3,Aty,Esp-4
,,3,2022-05-23T04:31:03.489963653Z,2022-05-23T05:31:03.489963653Z,2022-05-23T04:33:40Z,4.47,NH3,Aty,Esp-4
,,3,2022-05-23T04:31:03.489963653Z,2022-05-23T05:31:03.489963653Z,2022-05-23T04:34:20Z,4.58,NH3,Aty,Esp-4
,,3,2022-05-23T04:31:03.489963653Z,2022-05-23T05:31:03.489963653Z,2022-05-23T04:35:00Z,4.34,NH3,Aty,Esp-4
,,3,2022-05-23T04:31:03.489963653Z,2022-05-23T05:31:03.489963653Z,2022-05-23T04:35:20Z,4.42,NH3,Aty,Esp-4
,,3,2022-05-23T04:31:03.489963653Z,2022-05-23T05:31:03.489963653Z,2022-05-23T04:35:40Z,4.36,NH3,Aty,Esp-4
,,3,2022-05-23T04:31:03.489963653Z,2022-05-23T05:31:03.489963653Z,2022-05-23T04:35:50Z,4.39,NH3,Aty,Esp-4
,,3,2022-05-23T04:31:03.489963653Z,2022-05-23T05:31:03.489963653Z,2022-05-23T04:36:10Z,4.29,NH3,Aty,Esp-4
,,3,2022-05-23T04:31:03.489963653Z,2022-05-23T05:31:03.489963653Z,2022-05-23T04:36:30Z,4.32,NH3,Aty,Esp-4
,,3,2022-05-23T04:31:03.489963653Z,2022-05-23T05:31:03.489963653Z,2022-05-23T04:37:00Z,4.33,NH3,Aty,Esp-4
,,3,2022-05-23T04:31:03.489963653Z,2022-05-23T05:31:03.489963653Z,2022-05-23T04:37:10Z,4.32,NH3,Aty,Esp-4
,,3,2022-05-23T04:31:03.489963653Z,2022-05-23T05:31:03.489963653Z,2022-05-23T04:37:20Z,4.29,NH3,Aty,Esp-4
,,3,2022-05-23T04:31:03.489963653Z,2022-05-23T05:31:03.489963653Z,2022-05-23T04:37:50Z,4.39,NH3,Aty,Esp-4
,,3,2022-05-23T04:31:03.489963653Z,2022-05-23T05:31:03.489963653Z,2022-05-23T04:38:10Z,4.37,NH3,Aty,Esp-4
,,3,2022-05-23T04:31:03.489963653Z,2022-05-23T05:31:03.489963653Z,2022-05-23T04:38:40Z,4.18,NH3,Aty,Esp-4
,,3,2022-05-23T04:31:03.489963653Z,2022-05-23T05:31:03.489963653Z,2022-05-23T04:38:50Z,4.28,NH3,Aty,Esp-4
,,3,2022-05-23T04:31:03.489963653Z,2022-05-23T05:31:03.489963653Z,2022-05-23T04:39:10Z,4.26,NH3,Aty,Esp-4
,,3,2022-05-23T04:31:03.489963653Z,2022-05-23T05:31:03.489963653Z,2022-05-23T04:39:30Z,4.28,NH3,Aty,Esp-4
,,3,2022-05-23T04:31:03.489963653Z,2022-05-23T05:31:03.489963653Z,2022-05-23T05:25:50Z,3.92,NH3,Aty,Esp-4
,,3,2022-05-23T04:31:03.489963653Z,2022-05-23T05:31:03.489963653Z,2022-05-23T05:26:10Z,3.96,NH3,Aty,Esp-4
,,3,2022-05-23T04:31:03.489963653Z,2022-05-23T05:31:03.489963653Z,2022-05-23T05:26:20Z,3.96,NH3,Aty,Esp-4
,,3,2022-05-23T04:31:03.489963653Z,2022-05-23T05:31:03.489963653Z,2022-05-23T05:26:40Z,3.93,NH3,Aty,Esp-4
,,3,2022-05-23T04:31:03.489963653Z,2022-05-23T05:31:03.489963653Z,2022-05-23T05:27:00Z,3.86,NH3,Aty,Esp-4
,,3,2022-05-23T04:31:03.489963653Z,2022-05-23T05:31:03.489963653Z,2022-05-23T05:27:20Z,3.96,NH3,Aty,Esp-4
,,3,2022-05-23T04:31:03.489963653Z,2022-05-23T05:31:03.489963653Z,2022-05-23T05:27:30Z,3.88,NH3,Aty,Esp-4
,,3,2022-05-23T04:31:03.489963653Z,2022-05-23T05:31:03.489963653Z,2022-05-23T05:28:00Z,3.87,NH3,Aty,Esp-4
,,3,2022-05-23T04:31:03.489963653Z,2022-05-23T05:31:03.489963653Z,2022-05-23T05:28:30Z,3.92,NH3,Aty,Esp-4
,,3,2022-05-23T04:31:03.489963653Z,2022-05-23T05:31:03.489963653Z,2022-05-23T05:28:50Z,3.9,NH3,Aty,Esp-4
,,3,2022-05-23T04:31:03.489963653Z,2022-05-23T05:31:03.489963653Z,2022-05-23T05:29:10Z,3.88,NH3,Aty,Esp-4
,,3,2022-05-23T04:31:03.489963653Z,2022-05-23T05:31:03.489963653Z,2022-05-23T05:29:20Z,3.92,NH3,Aty,Esp-4
,,3,2022-05-23T04:31:03.489963653Z,2022-05-23T05:31:03.489963653Z,2022-05-23T05:30:40Z,3.94,NH3,Aty,Esp-4
,,3,2022-05-23T04:31:03.489963653Z,2022-05-23T05:31:03.489963653Z,2022-05-23T05:30:50Z,3.88,NH3,Aty,Esp-4
,,4,2022-05-23T04:31:03.489963653Z,2022-05-23T05:31:03.489963653Z,2022-05-23T04:31:10Z,4,WindDirect,Aty,Esp-4
,,4,2022-05-23T04:31:03.489963653Z,2022-05-23T05:31:03.489963653Z,2022-05-23T04:31:50Z,3,WindDirect,Aty,Esp-4
,,4,2022-05-23T04:31:03.489963653Z,2022-05-23T05:31:03.489963653Z,2022-05-23T04:32:00Z,5,WindDirect,Aty,Esp-4
,,4,2022-05-23T04:31:03.489963653Z,2022-05-23T05:31:03.489963653Z,2022-05-23T04:32:10Z,6,WindDirect,Aty,Esp-4
,,4,2022-05-23T04:31:03.489963653Z,2022-05-23T05:31:03.489963653Z,2022-05-23T04:32:40Z,5,WindDirect,Aty,Esp-4
,,4,2022-05-23T04:31:03.489963653Z,2022-05-23T05:31:03.489963653Z,2022-05-23T04:33:00Z,1,WindDirect,Aty,Esp-4
,,4,2022-05-23T04:31:03.489963653Z,2022-05-23T05:31:03.489963653Z,2022-05-23T04:33:20Z,2,WindDirect,Aty,Esp-4
,,4,2022-05-23T04:31:03.489963653Z,2022-05-23T05:31:03.489963653Z,2022-05-23T04:33:40Z,1,WindDirect,Aty,Esp-4
,,4,2022-05-23T04:31:03.489963653Z,2022-05-23T05:31:03.489963653Z,2022-05-23T04:34:20Z,2,WindDirect,Aty,Esp-4
,,4,2022-05-23T04:31:03.489963653Z,2022-05-23T05:31:03.489963653Z,2022-05-23T04:34:30Z,4,WindDirect,Aty,Esp-4
,,4,2022-05-23T04:31:03.489963653Z,2022-05-23T05:31:03.489963653Z,2022-05-23T04:35:10Z,7,WindDirect,Aty,Esp-4
,,4,2022-05-23T04:31:03.489963653Z,2022-05-23T05:31:03.489963653Z,2022-05-23T04:35:30Z,2,WindDirect,Aty,Esp-4
,,4,2022-05-23T04:31:03.489963653Z,2022-05-23T05:31:03.489963653Z,2022-05-23T04:35:40Z,1,WindDirect,Aty,Esp-4
,,4,2022-05-23T04:31:03.489963653Z,2022-05-23T05:31:03.489963653Z,2022-05-23T04:36:00Z,4,WindDirect,Aty,Esp-4
,,4,2022-05-23T04:31:03.489963653Z,2022-05-23T05:31:03.489963653Z,2022-05-23T04:36:20Z,6,WindDirect,Aty,Esp-4
,,4,2022-05-23T04:31:03.489963653Z,2022-05-23T05:31:03.489963653Z,2022-05-23T04:36:40Z,4,WindDirect,Aty,Esp-4
,,4,2022-05-23T04:31:03.489963653Z,2022-05-23T05:31:03.489963653Z,2022-05-23T04:37:00Z,7,WindDirect,Aty,Esp-4
,,4,2022-05-23T04:31:03.489963653Z,2022-05-23T05:31:03.489963653Z,2022-05-23T04:37:20Z,2,WindDirect,Aty,Esp-4
,,4,2022-05-23T04:31:03.489963653Z,2022-05-23T05:31:03.489963653Z,2022-05-23T04:37:30Z,6,WindDirect,Aty,Esp-4
,,4,2022-05-23T04:31:03.489963653Z,2022-05-23T05:31:03.489963653Z,2022-05-23T04:37:50Z,5,WindDirect,Aty,Esp-4
,,4,2022-05-23T04:31:03.489963653Z,2022-05-23T05:31:03.489963653Z,2022-05-23T04:38:10Z,6,WindDirect,Aty,Esp-4
,,4,2022-05-23T04:31:03.489963653Z,2022-05-23T05:31:03.489963653Z,2022-05-23T04:38:50Z,1,WindDirect,Aty,Esp-4
,,4,2022-05-23T04:31:03.489963653Z,2022-05-23T05:31:03.489963653Z,2022-05-23T04:39:00Z,3,WindDirect,Aty,Esp-4
,,4,2022-05-23T04:31:03.489963653Z,2022-05-23T05:31:03.489963653Z,2022-05-23T04:39:20Z,4,WindDirect,Aty,Esp-4
,,4,2022-05-23T04:31:03.489963653Z,2022-05-23T05:31:03.489963653Z,2022-05-23T05:25:40Z,6,WindDirect,Aty,Esp-4
,,4,2022-05-23T04:31:03.489963653Z,2022-05-23T05:31:03.489963653Z,2022-05-23T05:25:50Z,6,WindDirect,Aty,Esp-4
,,4,2022-05-23T04:31:03.489963653Z,2022-05-23T05:31:03.489963653Z,2022-05-23T05:26:20Z,7,WindDirect,Aty,Esp-4
,,4,2022-05-23T04:31:03.489963653Z,2022-05-23T05:31:03.489963653Z,2022-05-23T05:26:30Z,5,WindDirect,Aty,Esp-4
,,4,2022-05-23T04:31:03.489963653Z,2022-05-23T05:31:03.489963653Z,2022-05-23T05:27:00Z,6,WindDirect,Aty,Esp-4
,,4,2022-05-23T04:31:03.489963653Z,2022-05-23T05:31:03.489963653Z,2022-05-23T05:27:10Z,7,WindDirect,Aty,Esp-4
,,4,2022-05-23T04:31:03.489963653Z,2022-05-23T05:31:03.489963653Z,2022-05-23T05:27:20Z,3,WindDirect,Aty,Esp-4
,,4,2022-05-23T04:31:03.489963653Z,2022-05-23T05:31:03.489963653Z,2022-05-23T05:27:40Z,3,WindDirect,Aty,Esp-4
,,4,2022-05-23T04:31:03.489963653Z,2022-05-23T05:31:03.489963653Z,2022-05-23T05:28:00Z,5,WindDirect,Aty,Esp-4
,,4,2022-05-23T04:31:03.489963653Z,2022-05-23T05:31:03.489963653Z,2022-05-23T05:28:40Z,1,WindDirect,Aty,Esp-4
,,4,2022-05-23T04:31:03.489963653Z,2022-05-23T05:31:03.489963653Z,2022-05-23T05:28:50Z,7,WindDirect,Aty,Esp-4
,,4,2022-05-23T04:31:03.489963653Z,2022-05-23T05:31:03.489963653Z,2022-05-23T05:29:20Z,4,WindDirect,Aty,Esp-4
,,4,2022-05-23T04:31:03.489963653Z,2022-05-23T05:31:03.489963653Z,2022-05-23T05:29:30Z,3,WindDirect,Aty,Esp-4
,,4,2022-05-23T04:31:03.489963653Z,2022-05-23T05:31:03.489963653Z,2022-05-23T05:30:40Z,4,WindDirect,Aty,Esp-4
,,4,2022-05-23T04:31:03.489963653Z,2022-05-23T05:31:03.489963653Z,2022-05-23T05:31:00Z,6,WindDirect,Aty,Esp-4
,,5,2022-05-23T04:31:03.489963653Z,2022-05-23T05:31:03.489963653Z,2022-05-23T04:31:20Z,36.22,CO,Aty,Esp-4
,,5,2022-05-23T04:31:03.489963653Z,2022-05-23T05:31:03.489963653Z,2022-05-23T04:31:50Z,36.49,CO,Aty,Esp-4
,,5,2022-05-23T04:31:03.489963653Z,2022-05-23T05:31:03.489963653Z,2022-05-23T04:32:00Z,36.26,CO,Aty,Esp-4
,,5,2022-05-23T04:31:03.489963653Z,2022-05-23T05:31:03.489963653Z,2022-05-23T04:32:30Z,35.57,CO,Aty,Esp-4
,,5,2022-05-23T04:31:03.489963653Z,2022-05-23T05:31:03.489963653Z,2022-05-23T04:32:50Z,36.35,CO,Aty,Esp-4
,,5,2022-05-23T04:31:03.489963653Z,2022-05-23T05:31:03.489963653Z,2022-05-23T04:33:10Z,36.37,CO,Aty,Esp-4
,,5,2022-05-23T04:31:03.489963653Z,2022-05-23T05:31:03.489963653Z,2022-05-23T04:33:30Z,35.61,CO,Aty,Esp-4
,,5,2022-05-23T04:31:03.489963653Z,2022-05-23T05:31:03.489963653Z,2022-05-23T04:33:40Z,35.97,CO,Aty,Esp-4
,,5,2022-05-23T04:31:03.489963653Z,2022-05-23T05:31:03.489963653Z,2022-05-23T04:34:20Z,36.48,CO,Aty,Esp-4
,,5,2022-05-23T04:31:03.489963653Z,2022-05-23T05:31:03.489963653Z,2022-05-23T04:35:00Z,36.48,CO,Aty,Esp-4
,,5,2022-05-23T04:31:03.489963653Z,2022-05-23T05:31:03.489963653Z,2022-05-23T04:35:20Z,35.54,CO,Aty,Esp-4
,,5,2022-05-23T04:31:03.489963653Z,2022-05-23T05:31:03.489963653Z,2022-05-23T04:35:40Z,36.1,CO,Aty,Esp-4
,,5,2022-05-23T04:31:03.489963653Z,2022-05-23T05:31:03.489963653Z,2022-05-23T04:35:50Z,36.13,CO,Aty,Esp-4
,,5,2022-05-23T04:31:03.489963653Z,2022-05-23T05:31:03.489963653Z,2022-05-23T04:36:10Z,35.8,CO,Aty,Esp-4
,,5,2022-05-23T04:31:03.489963653Z,2022-05-23T05:31:03.489963653Z,2022-05-23T04:36:30Z,35.51,CO,Aty,Esp-4
,,5,2022-05-23T04:31:03.489963653Z,2022-05-23T05:31:03.489963653Z,2022-05-23T04:36:50Z,35.73,CO,Aty,Esp-4
,,5,2022-05-23T04:31:03.489963653Z,2022-05-23T05:31:03.489963653Z,2022-05-23T04:37:00Z,36.15,CO,Aty,Esp-4
,,5,2022-05-23T04:31:03.489963653Z,2022-05-23T05:31:03.489963653Z,2022-05-23T04:37:20Z,35.72,CO,Aty,Esp-4
,,5,2022-05-23T04:31:03.489963653Z,2022-05-23T05:31:03.489963653Z,2022-05-23T04:37:40Z,36.43,CO,Aty,Esp-4
,,5,2022-05-23T04:31:03.489963653Z,2022-05-23T05:31:03.489963653Z,2022-05-23T04:38:00Z,35.88,CO,Aty,Esp-4
,,5,2022-05-23T04:31:03.489963653Z,2022-05-23T05:31:03.489963653Z,2022-05-23T04:38:50Z,36.88,CO,Aty,Esp-4
,,5,2022-05-23T04:31:03.489963653Z,2022-05-23T05:31:03.489963653Z,2022-05-23T04:39:10Z,36.3,CO,Aty,Esp-4
,,5,2022-05-23T04:31:03.489963653Z,2022-05-23T05:31:03.489963653Z,2022-05-23T04:39:30Z,35.99,CO,Aty,Esp-4
,,5,2022-05-23T04:31:03.489963653Z,2022-05-23T05:31:03.489963653Z,2022-05-23T05:25:40Z,33.35,CO,Aty,Esp-4
,,5,2022-05-23T04:31:03.489963653Z,2022-05-23T05:31:03.489963653Z,2022-05-23T05:26:10Z,32.96,CO,Aty,Esp-4
,,5,2022-05-23T04:31:03.489963653Z,2022-05-23T05:31:03.489963653Z,2022-05-23T05:26:20Z,34.12,CO,Aty,Esp-4
,,5,2022-05-23T04:31:03.489963653Z,2022-05-23T05:31:03.489963653Z,2022-05-23T05:26:40Z,33.1,CO,Aty,Esp-4
,,5,2022-05-23T04:31:03.489963653Z,2022-05-23T05:31:03.489963653Z,2022-05-23T05:27:00Z,33.37,CO,Aty,Esp-4
,,5,2022-05-23T04:31:03.489963653Z,2022-05-23T05:31:03.489963653Z,2022-05-23T05:27:10Z,33.27,CO,Aty,Esp-4
,,5,2022-05-23T04:31:03.489963653Z,2022-05-23T05:31:03.489963653Z,2022-05-23T05:27:30Z,33.5,CO,Aty,Esp-4
,,5,2022-05-23T04:31:03.489963653Z,2022-05-23T05:31:03.489963653Z,2022-05-23T05:27:50Z,33.24,CO,Aty,Esp-4
,,5,2022-05-23T04:31:03.489963653Z,2022-05-23T05:31:03.489963653Z,2022-05-23T05:28:10Z,33.26,CO,Aty,Esp-4
,,5,2022-05-23T04:31:03.489963653Z,2022-05-23T05:31:03.489963653Z,2022-05-23T05:28:40Z,33.11,CO,Aty,Esp-4
,,5,2022-05-23T04:31:03.489963653Z,2022-05-23T05:31:03.489963653Z,2022-05-23T05:29:00Z,33.38,CO,Aty,Esp-4
,,5,2022-05-23T04:31:03.489963653Z,2022-05-23T05:31:03.489963653Z,2022-05-23T05:29:20Z,33.14,CO,Aty,Esp-4
,,5,2022-05-23T04:31:03.489963653Z,2022-05-23T05:31:03.489963653Z,2022-05-23T05:29:40Z,33.29,CO,Aty,Esp-4
,,5,2022-05-23T04:31:03.489963653Z,2022-05-23T05:31:03.489963653Z,2022-05-23T05:30:50Z,33.18,CO,Aty,Esp-4
,,5,2022-05-23T04:31:03.489963653Z,2022-05-23T05:31:03.489963653Z,2022-05-23T05:31:03.489963653Z,33.08,CO,Aty,Esp-4
,,6,2022-05-23T04:31:03.489963653Z,2022-05-23T05:31:03.489963653Z,2022-05-23T04:31:20Z,564.79,Smoke,Aty,Esp-4
,,6,2022-05-23T04:31:03.489963653Z,2022-05-23T05:31:03.489963653Z,2022-05-23T04:31:50Z,467.55,Smoke,Aty,Esp-4
,,6,2022-05-23T04:31:03.489963653Z,2022-05-23T05:31:03.489963653Z,2022-05-23T04:32:00Z,510.18,Smoke,Aty,Esp-4
,,6,2022-05-23T04:31:03.489963653Z,2022-05-23T05:31:03.489963653Z,2022-05-23T04:32:40Z,473,Smoke,Aty,Esp-4
,,6,2022-05-23T04:31:03.489963653Z,2022-05-23T05:31:03.489963653Z,2022-05-23T04:33:00Z,480.66,Smoke,Aty,Esp-4
,,6,2022-05-23T04:31:03.489963653Z,2022-05-23T05:31:03.489963653Z,2022-05-23T04:33:10Z,482.08,Smoke,Aty,Esp-4
,,6,2022-05-23T04:31:03.489963653Z,2022-05-23T05:31:03.489963653Z,2022-05-23T04:33:40Z,450.91,Smoke,Aty,Esp-4
,,6,2022-05-23T04:31:03.489963653Z,2022-05-23T05:31:03.489963653Z,2022-05-23T04:33:50Z,429.56,Smoke,Aty,Esp-4
,,6,2022-05-23T04:31:03.489963653Z,2022-05-23T05:31:03.489963653Z,2022-05-23T04:34:20Z,450.58,Smoke,Aty,Esp-4
,,6,2022-05-23T04:31:03.489963653Z,2022-05-23T05:31:03.489963653Z,2022-05-23T04:35:00Z,444.54,Smoke,Aty,Esp-4
,,6,2022-05-23T04:31:03.489963653Z,2022-05-23T05:31:03.489963653Z,2022-05-23T04:35:20Z,461.51,Smoke,Aty,Esp-4
,,6,2022-05-23T04:31:03.489963653Z,2022-05-23T05:31:03.489963653Z,2022-05-23T04:35:40Z,449.6,Smoke,Aty,Esp-4
,,6,2022-05-23T04:31:03.489963653Z,2022-05-23T05:31:03.489963653Z,2022-05-23T04:35:50Z,467.76,Smoke,Aty,Esp-4
,,6,2022-05-23T04:31:03.489963653Z,2022-05-23T05:31:03.489963653Z,2022-05-23T04:36:10Z,441.7,Smoke,Aty,Esp-4
,,6,2022-05-23T04:31:03.489963653Z,2022-05-23T05:31:03.489963653Z,2022-05-23T04:36:30Z,436.85,Smoke,Aty,Esp-4
,,6,2022-05-23T04:31:03.489963653Z,2022-05-23T05:31:03.489963653Z,2022-05-23T04:36:50Z,427.31,Smoke,Aty,Esp-4
,,6,2022-05-23T04:31:03.489963653Z,2022-05-23T05:31:03.489963653Z,2022-05-23T04:37:10Z,494.33,Smoke,Aty,Esp-4
,,6,2022-05-23T04:31:03.489963653Z,2022-05-23T05:31:03.489963653Z,2022-05-23T04:37:20Z,517.26,Smoke,Aty,Esp-4
,,6,2022-05-23T04:31:03.489963653Z,2022-05-23T05:31:03.489963653Z,2022-05-23T04:37:40Z,525.26,Smoke,Aty,Esp-4
,,6,2022-05-23T04:31:03.489963653Z,2022-05-23T05:31:03.489963653Z,2022-05-23T04:38:10Z,438.37,Smoke,Aty,Esp-4
,,6,2022-05-23T04:31:03.489963653Z,2022-05-23T05:31:03.489963653Z,2022-05-23T04:38:40Z,393.27,Smoke,Aty,Esp-4
,,6,2022-05-23T04:31:03.489963653Z,2022-05-23T05:31:03.489963653Z,2022-05-23T04:38:50Z,472.68,Smoke,Aty,Esp-4
,,6,2022-05-23T04:31:03.489963653Z,2022-05-23T05:31:03.489963653Z,2022-05-23T04:39:10Z,463.44,Smoke,Aty,Esp-4
,,6,2022-05-23T04:31:03.489963653Z,2022-05-23T05:31:03.489963653Z,2022-05-23T04:39:30Z,516.15,Smoke,Aty,Esp-4
,,6,2022-05-23T04:31:03.489963653Z,2022-05-23T05:31:03.489963653Z,2022-05-23T05:25:40Z,384.17,Smoke,Aty,Esp-4
,,6,2022-05-23T04:31:03.489963653Z,2022-05-23T05:31:03.489963653Z,2022-05-23T05:26:10Z,409.98,Smoke,Aty,Esp-4
,,6,2022-05-23T04:31:03.489963653Z,2022-05-23T05:31:03.489963653Z,2022-05-23T05:26:20Z,444.89,Smoke,Aty,Esp-4
,,6,2022-05-23T04:31:03.489963653Z,2022-05-23T05:31:03.489963653Z,2022-05-23T05:26:40Z,435.46,Smoke,Aty,Esp-4
,,6,2022-05-23T04:31:03.489963653Z,2022-05-23T05:31:03.489963653Z,2022-05-23T05:27:00Z,386.83,Smoke,Aty,Esp-4
,,6,2022-05-23T04:31:03.489963653Z,2022-05-23T05:31:03.489963653Z,2022-05-23T05:27:10Z,397.97,Smoke,Aty,Esp-4
,,6,2022-05-23T04:31:03.489963653Z,2022-05-23T05:31:03.489963653Z,2022-05-23T05:27:30Z,407.44,Smoke,Aty,Esp-4
,,6,2022-05-23T04:31:03.489963653Z,2022-05-23T05:31:03.489963653Z,2022-05-23T05:28:00Z,403.4,Smoke,Aty,Esp-4
,,6,2022-05-23T04:31:03.489963653Z,2022-05-23T05:31:03.489963653Z,2022-05-23T05:28:30Z,390.02,Smoke,Aty,Esp-4
,,6,2022-05-23T04:31:03.489963653Z,2022-05-23T05:31:03.489963653Z,2022-05-23T05:28:40Z,414.39,Smoke,Aty,Esp-4
,,6,2022-05-23T04:31:03.489963653Z,2022-05-23T05:31:03.489963653Z,2022-05-23T05:29:00Z,398.53,Smoke,Aty,Esp-4
,,6,2022-05-23T04:31:03.489963653Z,2022-05-23T05:31:03.489963653Z,2022-05-23T05:29:20Z,398.09,Smoke,Aty,Esp-4
,,6,2022-05-23T04:31:03.489963653Z,2022-05-23T05:31:03.489963653Z,2022-05-23T05:30:40Z,419.57,Smoke,Aty,Esp-4
,,6,2022-05-23T04:31:03.489963653Z,2022-05-23T05:31:03.489963653Z,2022-05-23T05:30:50Z,407.83,Smoke,Aty,Esp-4
,,7,2022-05-23T04:31:03.489963653Z,2022-05-23T05:31:03.489963653Z,2022-05-23T04:31:10Z,4.99,Toulene,Aty,Esp-4
,,7,2022-05-23T04:31:03.489963653Z,2022-05-23T05:31:03.489963653Z,2022-05-23T04:31:30Z,5.04,Toulene,Aty,Esp-4
,,7,2022-05-23T04:31:03.489963653Z,2022-05-23T05:31:03.489963653Z,2022-05-23T04:31:50Z,5.08,Toulene,Aty,Esp-4
,,7,2022-05-23T04:31:03.489963653Z,2022-05-23T05:31:03.489963653Z,2022-05-23T04:32:00Z,4.78,Toulene,Aty,Esp-4
,,7,2022-05-23T04:31:03.489963653Z,2022-05-23T05:31:03.489963653Z,2022-05-23T04:32:40Z,4.89,Toulene,Aty,Esp-4
,,7,2022-05-23T04:31:03.489963653Z,2022-05-23T05:31:03.489963653Z,2022-05-23T04:33:00Z,4.85,Toulene,Aty,Esp-4
,,7,2022-05-23T04:31:03.489963653Z,2022-05-23T05:31:03.489963653Z,2022-05-23T04:33:10Z,4.81,Toulene,Aty,Esp-4
,,7,2022-05-23T04:31:03.489963653Z,2022-05-23T05:31:03.489963653Z,2022-05-23T04:33:40Z,4.91,Toulene,Aty,Esp-4
,,7,2022-05-23T04:31:03.489963653Z,2022-05-23T05:31:03.489963653Z,2022-05-23T04:34:20Z,5.04,Toulene,Aty,Esp-4
,,7,2022-05-23T04:31:03.489963653Z,2022-05-23T05:31:03.489963653Z,2022-05-23T04:35:00Z,4.76,Toulene,Aty,Esp-4
,,7,2022-05-23T04:31:03.489963653Z,2022-05-23T05:31:03.489963653Z,2022-05-23T04:35:20Z,4.86,Toulene,Aty,Esp-4
,,7,2022-05-23T04:31:03.489963653Z,2022-05-23T05:31:03.489963653Z,2022-05-23T04:35:40Z,4.79,Toulene,Aty,Esp-4
,,7,2022-05-23T04:31:03.489963653Z,2022-05-23T05:31:03.489963653Z,2022-05-23T04:36:00Z,4.81,Toulene,Aty,Esp-4
,,7,2022-05-23T04:31:03.489963653Z,2022-05-23T05:31:03.489963653Z,2022-05-23T04:36:10Z,4.7,Toulene,Aty,Esp-4
,,7,2022-05-23T04:31:03.489963653Z,2022-05-23T05:31:03.489963653Z,2022-05-23T04:36:30Z,4.74,Toulene,Aty,Esp-4
,,7,2022-05-23T04:31:03.489963653Z,2022-05-23T05:31:03.489963653Z,2022-05-23T04:37:00Z,4.74,Toulene,Aty,Esp-4
,,7,2022-05-23T04:31:03.489963653Z,2022-05-23T05:31:03.489963653Z,2022-05-23T04:37:10Z,4.74,Toulene,Aty,Esp-4
,,7,2022-05-23T04:31:03.489963653Z,2022-05-23T05:31:03.489963653Z,2022-05-23T04:37:30Z,4.69,Toulene,Aty,Esp-4
,,7,2022-05-23T04:31:03.489963653Z,2022-05-23T05:31:03.489963653Z,2022-05-23T04:37:50Z,4.81,Toulene,Aty,Esp-4
,,7,2022-05-23T04:31:03.489963653Z,2022-05-23T05:31:03.489963653Z,2022-05-23T04:38:10Z,4.79,Toulene,Aty,Esp-4
,,7,2022-05-23T04:31:03.489963653Z,2022-05-23T05:31:03.489963653Z,2022-05-23T04:38:40Z,4.57,Toulene,Aty,Esp-4
,,7,2022-05-23T04:31:03.489963653Z,2022-05-23T05:31:03.489963653Z,2022-05-23T04:39:00Z,4.68,Toulene,Aty,Esp-4
,,7,2022-05-23T04:31:03.489963653Z,2022-05-23T05:31:03.489963653Z,2022-05-23T04:39:10Z,4.67,Toulene,Aty,Esp-4
,,7,2022-05-23T04:31:03.489963653Z,2022-05-23T05:31:03.489963653Z,2022-05-23T05:25:50Z,4.25,Toulene,Aty,Esp-4
,,7,2022-05-23T04:31:03.489963653Z,2022-05-23T05:31:03.489963653Z,2022-05-23T05:26:10Z,4.3,Toulene,Aty,Esp-4
,,7,2022-05-23T04:31:03.489963653Z,2022-05-23T05:31:03.489963653Z,2022-05-23T05:26:20Z,4.3,Toulene,Aty,Esp-4
,,7,2022-05-23T04:31:03.489963653Z,2022-05-23T05:31:03.489963653Z,2022-05-23T05:26:40Z,4.27,Toulene,Aty,Esp-4
,,7,2022-05-23T04:31:03.489963653Z,2022-05-23T05:31:03.489963653Z,2022-05-23T05:27:00Z,4.18,Toulene,Aty,Esp-4
,,7,2022-05-23T04:31:03.489963653Z,2022-05-23T05:31:03.489963653Z,2022-05-23T05:27:20Z,4.3,Toulene,Aty,Esp-4
,,7,2022-05-23T04:31:03.489963653Z,2022-05-23T05:31:03.489963653Z,2022-05-23T05:27:40Z,4.21,Toulene,Aty,Esp-4
,,7,2022-05-23T04:31:03.489963653Z,2022-05-23T05:31:03.489963653Z,2022-05-23T05:28:00Z,4.19,Toulene,Aty,Esp-4
,,7,2022-05-23T04:31:03.489963653Z,2022-05-23T05:31:03.489963653Z,2022-05-23T05:28:40Z,4.26,Toulene,Aty,Esp-4
,,7,2022-05-23T04:31:03.489963653Z,2022-05-23T05:31:03.489963653Z,2022-05-23T05:28:50Z,4.23,Toulene,Aty,Esp-4
,,7,2022-05-23T04:31:03.489963653Z,2022-05-23T05:31:03.489963653Z,2022-05-23T05:29:10Z,4.21,Toulene,Aty,Esp-4
,,7,2022-05-23T04:31:03.489963653Z,2022-05-23T05:31:03.489963653Z,2022-05-23T05:29:20Z,4.26,Toulene,Aty,Esp-4
,,7,2022-05-23T04:31:03.489963653Z,2022-05-23T05:31:03.489963653Z,2022-05-23T05:30:40Z,4.28,Toulene,Aty,Esp-4
,,7,2022-05-23T04:31:03.489963653Z,2022-05-23T05:31:03.489963653Z,2022-05-23T05:30:50Z,4.21,Toulene,Aty,Esp-4
,,8,2022-05-23T04:31:03.489963653Z,2022-05-23T05:31:03.489963653Z,2022-05-23T04:31:10Z,76,Humidity,Aty,Esp-4
,,8,2022-05-23T04:31:03.489963653Z,2022-05-23T05:31:03.489963653Z,2022-05-23T04:31:50Z,76,Humidity,Aty,Esp-4
,,8,2022-05-23T04:31:03.489963653Z,2022-05-23T05:31:03.489963653Z,2022-05-23T04:32:00Z,76,Humidity,Aty,Esp-4
,,8,2022-05-23T04:31:03.489963653Z,2022-05-23T05:31:03.489963653Z,2022-05-23T04:32:10Z,76,Humidity,Aty,Esp-4
,,8,2022-05-23T04:31:03.489963653Z,2022-05-23T05:31:03.489963653Z,2022-05-23T04:32:40Z,76,Humidity,Aty,Esp-4
,,8,2022-05-23T04:31:03.489963653Z,2022-05-23T05:31:03.489963653Z,2022-05-23T04:33:00Z,76,Humidity,Aty,Esp-4
,,8,2022-05-23T04:31:03.489963653Z,2022-05-23T05:31:03.489963653Z,2022-05-23T04:33:20Z,76,Humidity,Aty,Esp-4
,,8,2022-05-23T04:31:03.489963653Z,2022-05-23T05:31:03.489963653Z,2022-05-23T04:33:40Z,76,Humidity,Aty,Esp-4
,,8,2022-05-23T04:31:03.489963653Z,2022-05-23T05:31:03.489963653Z,2022-05-23T04:34:20Z,75,Humidity,Aty,Esp-4
,,8,2022-05-23T04:31:03.489963653Z,2022-05-23T05:31:03.489963653Z,2022-05-23T04:34:30Z,75,Humidity,Aty,Esp-4
,,8,2022-05-23T04:31:03.489963653Z,2022-05-23T05:31:03.489963653Z,2022-05-23T04:35:10Z,75,Humidity,Aty,Esp-4
,,8,2022-05-23T04:31:03.489963653Z,2022-05-23T05:31:03.489963653Z,2022-05-23T04:35:30Z,75,Humidity,Aty,Esp-4
,,8,2022-05-23T04:31:03.489963653Z,2022-05-23T05:31:03.489963653Z,2022-05-23T04:35:40Z,75,Humidity,Aty,Esp-4
,,8,2022-05-23T04:31:03.489963653Z,2022-05-23T05:31:03.489963653Z,2022-05-23T04:36:00Z,75,Humidity,Aty,Esp-4
,,8,2022-05-23T04:31:03.489963653Z,2022-05-23T05:31:03.489963653Z,2022-05-23T04:36:20Z,75,Humidity,Aty,Esp-4
,,8,2022-05-23T04:31:03.489963653Z,2022-05-23T05:31:03.489963653Z,2022-05-23T04:36:40Z,75,Humidity,Aty,Esp-4
,,8,2022-05-23T04:31:03.489963653Z,2022-05-23T05:31:03.489963653Z,2022-05-23T04:37:00Z,75,Humidity,Aty,Esp-4
,,8,2022-05-23T04:31:03.489963653Z,2022-05-23T05:31:03.489963653Z,2022-05-23T04:37:10Z,75,Humidity,Aty,Esp-4
,,8,2022-05-23T04:31:03.489963653Z,2022-05-23T05:31:03.489963653Z,2022-05-23T04:37:30Z,75,Humidity,Aty,Esp-4
,,8,2022-05-23T04:31:03.489963653Z,2022-05-23T05:31:03.489963653Z,2022-05-23T04:37:50Z,75,Humidity,Aty,Esp-4
,,8,2022-05-23T04:31:03.489963653Z,2022-05-23T05:31:03.489963653Z,2022-05-23T04:38:10Z,75,Humidity,Aty,Esp-4
,,8,2022-05-23T04:31:03.489963653Z,2022-05-23T05:31:03.489963653Z,2022-05-23T04:38:50Z,76,Humidity,Aty,Esp-4
,,8,2022-05-23T04:31:03.489963653Z,2022-05-23T05:31:03.489963653Z,2022-05-23T04:39:00Z,75,Humidity,Aty,Esp-4
,,8,2022-05-23T04:31:03.489963653Z,2022-05-23T05:31:03.489963653Z,2022-05-23T04:39:20Z,75,Humidity,Aty,Esp-4
,,8,2022-05-23T04:31:03.489963653Z,2022-05-23T05:31:03.489963653Z,2022-05-23T05:25:40Z,74,Humidity,Aty,Esp-4
,,8,2022-05-23T04:31:03.489963653Z,2022-05-23T05:31:03.489963653Z,2022-05-23T05:25:50Z,73,Humidity,Aty,Esp-4
,,8,2022-05-23T04:31:03.489963653Z,2022-05-23T05:31:03.489963653Z,2022-05-23T05:26:10Z,72,Humidity,Aty,Esp-4
,,8,2022-05-23T04:31:03.489963653Z,2022-05-23T05:31:03.489963653Z,2022-05-23T05:26:30Z,72,Humidity,Aty,Esp-4
,,8,2022-05-23T04:31:03.489963653Z,2022-05-23T05:31:03.489963653Z,2022-05-23T05:26:50Z,72,Humidity,Aty,Esp-4
,,8,2022-05-23T04:31:03.489963653Z,2022-05-23T05:31:03.489963653Z,2022-05-23T05:27:10Z,72,Humidity,Aty,Esp-4
,,8,2022-05-23T04:31:03.489963653Z,2022-05-23T05:31:03.489963653Z,2022-05-23T05:27:20Z,72,Humidity,Aty,Esp-4
,,8,2022-05-23T04:31:03.489963653Z,2022-05-23T05:31:03.489963653Z,2022-05-23T05:27:40Z,72,Humidity,Aty,Esp-4
,,8,2022-05-23T04:31:03.489963653Z,2022-05-23T05:31:03.489963653Z,2022-05-23T05:28:00Z,73,Humidity,Aty,Esp-4
,,8,2022-05-23T04:31:03.489963653Z,2022-05-23T05:31:03.489963653Z,2022-05-23T05:28:40Z,73,Humidity,Aty,Esp-4
,,8,2022-05-23T04:31:03.489963653Z,2022-05-23T05:31:03.489963653Z,2022-05-23T05:28:50Z,73,Humidity,Aty,Esp-4
,,8,2022-05-23T04:31:03.489963653Z,2022-05-23T05:31:03.489963653Z,2022-05-23T05:29:10Z,72,Humidity,Aty,Esp-4
,,8,2022-05-23T04:31:03.489963653Z,2022-05-23T05:31:03.489963653Z,2022-05-23T05:29:30Z,72,Humidity,Aty,Esp-4
,,8,2022-05-23T04:31:03.489963653Z,2022-05-23T05:31:03.489963653Z,2022-05-23T05:30:40Z,72,Humidity,Aty,Esp-4
,,8,2022-05-23T04:31:03.489963653Z,2022-05-23T05:31:03.489963653Z,2022-05-23T05:31:00Z,72,Humidity,Aty,Esp-4
,,9,2022-05-23T04:31:03.489963653Z,2022-05-23T05:31:03.489963653Z,2022-05-23T04:31:10Z,0.72,H2S,Aty,Esp-4
,,9,2022-05-23T04:31:03.489963653Z,2022-05-23T05:31:03.489963653Z,2022-05-23T04:31:30Z,0.71,H2S,Aty,Esp-4
,,9,2022-05-23T04:31:03.489963653Z,2022-05-23T05:31:03.489963653Z,2022-05-23T04:31:50Z,0.72,H2S,Aty,Esp-4
,,9,2022-05-23T04:31:03.489963653Z,2022-05-23T05:31:03.489963653Z,2022-05-23T04:32:00Z,0.7,H2S,Aty,Esp-4
,,9,2022-05-23T04:31:03.489963653Z,2022-05-23T05:31:03.489963653Z,2022-05-23T04:32:40Z,0.71,H2S,Aty,Esp-4
,,9,2022-05-23T04:31:03.489963653Z,2022-05-23T05:31:03.489963653Z,2022-05-23T04:33:00Z,0.7,H2S,Aty,Esp-4
,,9,2022-05-23T04:31:03.489963653Z,2022-05-23T05:31:03.489963653Z,2022-05-23T04:33:20Z,0.71,H2S,Aty,Esp-4
,,9,2022-05-23T04:31:03.489963653Z,2022-05-23T05:31:03.489963653Z,2022-05-23T04:33:40Z,0.7,H2S,Aty,Esp-4
,,9,2022-05-23T04:31:03.489963653Z,2022-05-23T05:31:03.489963653Z,2022-05-23T04:34:30Z,0.69,H2S,Aty,Esp-4
,,9,2022-05-23T04:31:03.489963653Z,2022-05-23T05:31:03.489963653Z,2022-05-23T04:35:10Z,0.7,H2S,Aty,Esp-4
,,9,2022-05-23T04:31:03.489963653Z,2022-05-23T05:31:03.489963653Z,2022-05-23T04:35:20Z,0.7,H2S,Aty,Esp-4
,,9,2022-05-23T04:31:03.489963653Z,2022-05-23T05:31:03.489963653Z,2022-05-23T04:35:40Z,0.7,H2S,Aty,Esp-4
,,9,2022-05-23T04:31:03.489963653Z,2022-05-23T05:31:03.489963653Z,2022-05-23T04:36:00Z,0.7,H2S,Aty,Esp-4
,,9,2022-05-23T04:31:03.489963653Z,2022-05-23T05:31:03.489963653Z,2022-05-23T04:36:20Z,0.71,H2S,Aty,Esp-4
,,9,2022-05-23T04:31:03.489963653Z,2022-05-23T05:31:03.489963653Z,2022-05-23T04:36:40Z,0.72,H2S,Aty,Esp-4
,,9,2022-05-23T04:31:03.489963653Z,2022-05-23T05:31:03.489963653Z,2022-05-23T04:37:00Z,0.71,H2S,Aty,Esp-4
,,9,2022-05-23T04:31:03.489963653Z,2022-05-23T05:31:03.489963653Z,2022-05-23T04:37:10Z,0.71,H2S,Aty,Esp-4
,,9,2022-05-23T04:31:03.489963653Z,2022-05-23T05:31:03.489963653Z,2022-05-23T04:37:30Z,0.71,H2S,Aty,Esp-4
,,9,2022-05-23T04:31:03.489963653Z,2022-05-23T05:31:03.489963653Z,2022-05-23T04:37:50Z,0.71,H2S,Aty,Esp-4
,,9,2022-05-23T04:31:03.489963653Z,2022-05-23T05:31:03.489963653Z,2022-05-23T04:38:10Z,0.7,H2S,Aty,Esp-4
,,9,2022-05-23T04:31:03.489963653Z,2022-05-23T05:31:03.489963653Z,2022-05-23T04:38:50Z,0.44,H2S,Aty,Esp-4
,,9,2022-05-23T04:31:03.489963653Z,2022-05-23T05:31:03.489963653Z,2022-05-23T04:39:00Z,0.71,H2S,Aty,Esp-4
,,9,2022-05-23T04:31:03.489963653Z,2022-05-23T05:31:03.489963653Z,2022-05-23T04:39:20Z,0.71,H2S,Aty,Esp-4
,,9,2022-05-23T04:31:03.489963653Z,2022-05-23T05:31:03.489963653Z,2022-05-23T05:25:50Z,0.64,H2S,Aty,Esp-4
,,9,2022-05-23T04:31:03.489963653Z,2022-05-23T05:31:03.489963653Z,2022-05-23T05:26:10Z,0.63,H2S,Aty,Esp-4
,,9,2022-05-23T04:31:03.489963653Z,2022-05-23T05:31:03.489963653Z,2022-05-23T05:26:30Z,0.63,H2S,Aty,Esp-4
,,9,2022-05-23T04:31:03.489963653Z,2022-05-23T05:31:03.489963653Z,2022-05-23T05:26:40Z,0.66,H2S,Aty,Esp-4
,,9,2022-05-23T04:31:03.489963653Z,2022-05-23T05:31:03.489963653Z,2022-05-23T05:27:00Z,0.63,H2S,Aty,Esp-4
,,9,2022-05-23T04:31:03.489963653Z,2022-05-23T05:31:03.489963653Z,2022-05-23T05:27:20Z,0.66,H2S,Aty,Esp-4
,,9,2022-05-23T04:31:03.489963653Z,2022-05-23T05:31:03.489963653Z,2022-05-23T05:27:40Z,0.64,H2S,Aty,Esp-4
,,9,2022-05-23T04:31:03.489963653Z,2022-05-23T05:31:03.489963653Z,2022-05-23T05:28:00Z,0.64,H2S,Aty,Esp-4
,,9,2022-05-23T04:31:03.489963653Z,2022-05-23T05:31:03.489963653Z,2022-05-23T05:28:40Z,0.63,H2S,Aty,Esp-4
,,9,2022-05-23T04:31:03.489963653Z,2022-05-23T05:31:03.489963653Z,2022-05-23T05:28:50Z,0.64,H2S,Aty,Esp-4
,,9,2022-05-23T04:31:03.489963653Z,2022-05-23T05:31:03.489963653Z,2022-05-23T05:29:10Z,0.65,H2S,Aty,Esp-4
,,9,2022-05-23T04:31:03.489963653Z,2022-05-23T05:31:03.489963653Z,2022-05-23T05:29:30Z,0.63,H2S,Aty,Esp-4
,,9,2022-05-23T04:31:03.489963653Z,2022-05-23T05:31:03.489963653Z,2022-05-23T05:30:40Z,0.64,H2S,Aty,Esp-4
,,9,2022-05-23T04:31:03.489963653Z,2022-05-23T05:31:03.489963653Z,2022-05-23T05:31:00Z,0.63,H2S,Aty,Esp-4
,,10,2022-05-23T04:31:03.489963653Z,2022-05-23T05:31:03.489963653Z,2022-05-23T04:31:20Z,11.14,CH4,Aty,Esp-4
,,10,2022-05-23T04:31:03.489963653Z,2022-05-23T05:31:03.489963653Z,2022-05-23T04:31:50Z,11.21,CH4,Aty,Esp-4
,,10,2022-05-23T04:31:03.489963653Z,2022-05-23T05:31:03.489963653Z,2022-05-23T04:32:00Z,11.15,CH4,Aty,Esp-4
,,10,2022-05-23T04:31:03.489963653Z,2022-05-23T05:31:03.489963653Z,2022-05-23T04:32:50Z,11.17,CH4,Aty,Esp-4
,,10,2022-05-23T04:31:03.489963653Z,2022-05-23T05:31:03.489963653Z,2022-05-23T04:33:10Z,11.18,CH4,Aty,Esp-4
,,10,2022-05-23T04:31:03.489963653Z,2022-05-23T05:31:03.489963653Z,2022-05-23T04:33:30Z,10.97,CH4,Aty,Esp-4
,,10,2022-05-23T04:31:03.489963653Z,2022-05-23T05:31:03.489963653Z,2022-05-23T04:33:40Z,11.07,CH4,Aty,Esp-4
,,10,2022-05-23T04:31:03.489963653Z,2022-05-23T05:31:03.489963653Z,2022-05-23T04:34:20Z,11.21,CH4,Aty,Esp-4
,,10,2022-05-23T04:31:03.489963653Z,2022-05-23T05:31:03.489963653Z,2022-05-23T04:35:10Z,10.95,CH4,Aty,Esp-4
,,10,2022-05-23T04:31:03.489963653Z,2022-05-23T05:31:03.489963653Z,2022-05-23T04:35:30Z,11.11,CH4,Aty,Esp-4
,,10,2022-05-23T04:31:03.489963653Z,2022-05-23T05:31:03.489963653Z,2022-05-23T04:35:50Z,11.11,CH4,Aty,Esp-4
,,10,2022-05-23T04:31:03.489963653Z,2022-05-23T05:31:03.489963653Z,2022-05-23T04:36:10Z,11.02,CH4,Aty,Esp-4
,,10,2022-05-23T04:31:03.489963653Z,2022-05-23T05:31:03.489963653Z,2022-05-23T04:36:20Z,10.94,CH4,Aty,Esp-4
,,10,2022-05-23T04:31:03.489963653Z,2022-05-23T05:31:03.489963653Z,2022-05-23T04:36:50Z,11.01,CH4,Aty,Esp-4
,,10,2022-05-23T04:31:03.489963653Z,2022-05-23T05:31:03.489963653Z,2022-05-23T04:37:00Z,11.12,CH4,Aty,Esp-4
,,10,2022-05-23T04:31:03.489963653Z,2022-05-23T05:31:03.489963653Z,2022-05-23T04:37:20Z,11,CH4,Aty,Esp-4
,,10,2022-05-23T04:31:03.489963653Z,2022-05-23T05:31:03.489963653Z,2022-05-23T04:37:40Z,11.19,CH4,Aty,Esp-4
,,10,2022-05-23T04:31:03.489963653Z,2022-05-23T05:31:03.489963653Z,2022-05-23T04:37:50Z,11.05,CH4,Aty,Esp-4
,,10,2022-05-23T04:31:03.489963653Z,2022-05-23T05:31:03.489963653Z,2022-05-23T04:38:50Z,11.32,CH4,Aty,Esp-4
,,10,2022-05-23T04:31:03.489963653Z,2022-05-23T05:31:03.489963653Z,2022-05-23T04:39:10Z,11.16,CH4,Aty,Esp-4
,,10,2022-05-23T04:31:03.489963653Z,2022-05-23T05:31:03.489963653Z,2022-05-23T04:39:20Z,11.08,CH4,Aty,Esp-4
,,10,2022-05-23T04:31:03.489963653Z,2022-05-23T05:31:03.489963653Z,2022-05-23T05:25:40Z,10.35,CH4,Aty,Esp-4
,,10,2022-05-23T04:31:03.489963653Z,2022-05-23T05:31:03.489963653Z,2022-05-23T05:26:10Z,10.24,CH4,Aty,Esp-4
,,10,2022-05-23T04:31:03.489963653Z,2022-05-23T05:31:03.489963653Z,2022-05-23T05:26:20Z,10.56,CH4,Aty,Esp-4
,,10,2022-05-23T04:31:03.489963653Z,2022-05-23T05:31:03.489963653Z,2022-05-23T05:26:40Z,10.28,CH4,Aty,Esp-4
,,10,2022-05-23T04:31:03.489963653Z,2022-05-23T05:31:03.489963653Z,2022-05-23T05:27:00Z,10.36,CH4,Aty,Esp-4
,,10,2022-05-23T04:31:03.489963653Z,2022-05-23T05:31:03.489963653Z,2022-05-23T05:27:10Z,10.33,CH4,Aty,Esp-4
,,10,2022-05-23T04:31:03.489963653Z,2022-05-23T05:31:03.489963653Z,2022-05-23T05:27:30Z,10.39,CH4,Aty,Esp-4
,,10,2022-05-23T04:31:03.489963653Z,2022-05-23T05:31:03.489963653Z,2022-05-23T05:27:50Z,10.32,CH4,Aty,Esp-4
,,10,2022-05-23T04:31:03.489963653Z,2022-05-23T05:31:03.489963653Z,2022-05-23T05:28:00Z,10.33,CH4,Aty,Esp-4
,,10,2022-05-23T04:31:03.489963653Z,2022-05-23T05:31:03.489963653Z,2022-05-23T05:28:40Z,10.28,CH4,Aty,Esp-4
,,10,2022-05-23T04:31:03.489963653Z,2022-05-23T05:31:03.489963653Z,2022-05-23T05:29:00Z,10.36,CH4,Aty,Esp-4
,,10,2022-05-23T04:31:03.489963653Z,2022-05-23T05:31:03.489963653Z,2022-05-23T05:29:20Z,10.29,CH4,Aty,Esp-4
,,10,2022-05-23T04:31:03.489963653Z,2022-05-23T05:31:03.489963653Z,2022-05-23T05:29:30Z,10.33,CH4,Aty,Esp-4
,,10,2022-05-23T04:31:03.489963653Z,2022-05-23T05:31:03.489963653Z,2022-05-23T05:30:50Z,10.31,CH4,Aty,Esp-4
,,10,2022-05-23T04:31:03.489963653Z,2022-05-23T05:31:03.489963653Z,2022-05-23T05:31:00Z,10.28,CH4,Aty,Esp-4
,,11,2022-05-23T04:31:03.489963653Z,2022-05-23T05:31:03.489963653Z,2022-05-23T04:31:20Z,7.57,Alcohol,Aty,Esp-4
,,11,2022-05-23T04:31:03.489963653Z,2022-05-23T05:31:03.489963653Z,2022-05-23T04:31:50Z,7.62,Alcohol,Aty,Esp-4
,,11,2022-05-23T04:31:03.489963653Z,2022-05-23T05:31:03.489963653Z,2022-05-23T04:32:00Z,7.57,Alcohol,Aty,Esp-4
,,11,2022-05-23T04:31:03.489963653Z,2022-05-23T05:31:03.489963653Z,2022-05-23T04:32:30Z,7.44,Alcohol,Aty,Esp-4
,,11,2022-05-23T04:31:03.489963653Z,2022-05-23T05:31:03.489963653Z,2022-05-23T04:32:50Z,7.59,Alcohol,Aty,Esp-4
,,11,2022-05-23T04:31:03.489963653Z,2022-05-23T05:31:03.489963653Z,2022-05-23T04:33:10Z,7.59,Alcohol,Aty,Esp-4
,,11,2022-05-23T04:31:03.489963653Z,2022-05-23T05:31:03.489963653Z,2022-05-23T04:33:30Z,7.45,Alcohol,Aty,Esp-4
,,11,2022-05-23T04:31:03.489963653Z,2022-05-23T05:31:03.489963653Z,2022-05-23T04:33:50Z,7.52,Alcohol,Aty,Esp-4
,,11,2022-05-23T04:31:03.489963653Z,2022-05-23T05:31:03.489963653Z,2022-05-23T04:34:20Z,7.62,Alcohol,Aty,Esp-4
,,11,2022-05-23T04:31:03.489963653Z,2022-05-23T05:31:03.489963653Z,2022-05-23T04:35:00Z,7.62,Alcohol,Aty,Esp-4
,,11,2022-05-23T04:31:03.489963653Z,2022-05-23T05:31:03.489963653Z,2022-05-23T04:35:20Z,7.44,Alcohol,Aty,Esp-4
,,11,2022-05-23T04:31:03.489963653Z,2022-05-23T05:31:03.489963653Z,2022-05-23T04:35:40Z,7.54,Alcohol,Aty,Esp-4
,,11,2022-05-23T04:31:03.489963653Z,2022-05-23T05:31:03.489963653Z,2022-05-23T04:35:50Z,7.55,Alcohol,Aty,Esp-4
,,11,2022-05-23T04:31:03.489963653Z,2022-05-23T05:31:03.489963653Z,2022-05-23T04:36:10Z,7.49,Alcohol,Aty,Esp-4
,,11,2022-05-23T04:31:03.489963653Z,2022-05-23T05:31:03.489963653Z,2022-05-23T04:36:30Z,7.43,Alcohol,Aty,Esp-4
,,11,2022-05-23T04:31:03.489963653Z,2022-05-23T05:31:03.489963653Z,2022-05-23T04:36:50Z,7.47,Alcohol,Aty,Esp-4
,,11,2022-05-23T04:31:03.489963653Z,2022-05-23T05:31:03.489963653Z,2022-05-23T04:37:10Z,7.55,Alcohol,Aty,Esp-4
,,11,2022-05-23T04:31:03.489963653Z,2022-05-23T05:31:03.489963653Z,2022-05-23T04:37:20Z,7.47,Alcohol,Aty,Esp-4
,,11,2022-05-23T04:31:03.489963653Z,2022-05-23T05:31:03.489963653Z,2022-05-23T04:37:40Z,7.61,Alcohol,Aty,Esp-4
,,11,2022-05-23T04:31:03.489963653Z,2022-05-23T05:31:03.489963653Z,2022-05-23T04:38:00Z,7.5,Alcohol,Aty,Esp-4
,,11,2022-05-23T04:31:03.489963653Z,2022-05-23T05:31:03.489963653Z,2022-05-23T04:38:50Z,7.69,Alcohol,Aty,Esp-4
,,11,2022-05-23T04:31:03.489963653Z,2022-05-23T05:31:03.489963653Z,2022-05-23T04:39:10Z,7.58,Alcohol,Aty,Esp-4
,,11,2022-05-23T04:31:03.489963653Z,2022-05-23T05:31:03.489963653Z,2022-05-23T04:39:30Z,7.52,Alcohol,Aty,Esp-4
,,11,2022-05-23T04:31:03.489963653Z,2022-05-23T05:31:03.489963653Z,2022-05-23T05:25:40Z,7.01,Alcohol,Aty,Esp-4
,,11,2022-05-23T04:31:03.489963653Z,2022-05-23T05:31:03.489963653Z,2022-05-23T05:26:10Z,6.94,Alcohol,Aty,Esp-4
,,11,2022-05-23T04:31:03.489963653Z,2022-05-23T05:31:03.489963653Z,2022-05-23T05:26:20Z,7.16,Alcohol,Aty,Esp-4
,,11,2022-05-23T04:31:03.489963653Z,2022-05-23T05:31:03.489963653Z,2022-05-23T05:26:40Z,6.97,Alcohol,Aty,Esp-4
,,11,2022-05-23T04:31:03.489963653Z,2022-05-23T05:31:03.489963653Z,2022-05-23T05:27:00Z,7.02,Alcohol,Aty,Esp-4
,,11,2022-05-23T04:31:03.489963653Z,2022-05-23T05:31:03.489963653Z,2022-05-23T05:27:10Z,7,Alcohol,Aty,Esp-4
,,11,2022-05-23T04:31:03.489963653Z,2022-05-23T05:31:03.489963653Z,2022-05-23T05:27:30Z,7.04,Alcohol,Aty,Esp-4
,,11,2022-05-23T04:31:03.489963653Z,2022-05-23T05:31:03.489963653Z,2022-05-23T05:27:50Z,6.99,Alcohol,Aty,Esp-4
,,11,2022-05-23T04:31:03.489963653Z,2022-05-23T05:31:03.489963653Z,2022-05-23T05:28:10Z,7,Alcohol,Aty,Esp-4
,,11,2022-05-23T04:31:03.489963653Z,2022-05-23T05:31:03.489963653Z,2022-05-23T05:28:40Z,6.97,Alcohol,Aty,Esp-4
,,11,2022-05-23T04:31:03.489963653Z,2022-05-23T05:31:03.489963653Z,2022-05-23T05:29:00Z,7.02,Alcohol,Aty,Esp-4
,,11,2022-05-23T04:31:03.489963653Z,2022-05-23T05:31:03.489963653Z,2022-05-23T05:29:20Z,6.97,Alcohol,Aty,Esp-4
,,11,2022-05-23T04:31:03.489963653Z,2022-05-23T05:31:03.489963653Z,2022-05-23T05:30:50Z,6.98,Alcohol,Aty,Esp-4
,,12,2022-05-23T04:31:03.489963653Z,2022-05-23T05:31:03.489963653Z,2022-05-23T04:31:20Z,4.81,LPG,Aty,Esp-4
,,12,2022-05-23T04:31:03.489963653Z,2022-05-23T05:31:03.489963653Z,2022-05-23T04:31:50Z,4.83,LPG,Aty,Esp-4
,,12,2022-05-23T04:31:03.489963653Z,2022-05-23T05:31:03.489963653Z,2022-05-23T04:32:00Z,4.81,LPG,Aty,Esp-4
,,12,2022-05-23T04:31:03.489963653Z,2022-05-23T05:31:03.489963653Z,2022-05-23T04:32:50Z,4.82,LPG,Aty,Esp-4
,,12,2022-05-23T04:31:03.489963653Z,2022-05-23T05:31:03.489963653Z,2022-05-23T04:33:10Z,4.82,LPG,Aty,Esp-4
,,12,2022-05-23T04:31:03.489963653Z,2022-05-23T05:31:03.489963653Z,2022-05-23T04:33:20Z,4.75,LPG,Aty,Esp-4
,,12,2022-05-23T04:31:03.489963653Z,2022-05-23T05:31:03.489963653Z,2022-05-23T04:33:40Z,4.78,LPG,Aty,Esp-4
,,12,2022-05-23T04:31:03.489963653Z,2022-05-23T05:31:03.489963653Z,2022-05-23T04:34:20Z,4.83,LPG,Aty,Esp-4
,,12,2022-05-23T04:31:03.489963653Z,2022-05-23T05:31:03.489963653Z,2022-05-23T04:35:10Z,4.74,LPG,Aty,Esp-4
,,12,2022-05-23T04:31:03.489963653Z,2022-05-23T05:31:03.489963653Z,2022-05-23T04:35:30Z,4.79,LPG,Aty,Esp-4
,,12,2022-05-23T04:31:03.489963653Z,2022-05-23T05:31:03.489963653Z,2022-05-23T04:35:50Z,4.8,LPG,Aty,Esp-4
,,12,2022-05-23T04:31:03.489963653Z,2022-05-23T05:31:03.489963653Z,2022-05-23T04:36:10Z,4.77,LPG,Aty,Esp-4
,,12,2022-05-23T04:31:03.489963653Z,2022-05-23T05:31:03.489963653Z,2022-05-23T04:36:20Z,4.74,LPG,Aty,Esp-4
,,12,2022-05-23T04:31:03.489963653Z,2022-05-23T05:31:03.489963653Z,2022-05-23T04:36:40Z,4.76,LPG,Aty,Esp-4
,,12,2022-05-23T04:31:03.489963653Z,2022-05-23T05:31:03.489963653Z,2022-05-23T04:37:00Z,4.8,LPG,Aty,Esp-4
,,12,2022-05-23T04:31:03.489963653Z,2022-05-23T05:31:03.489963653Z,2022-05-23T04:37:20Z,4.76,LPG,Aty,Esp-4
,,12,2022-05-23T04:31:03.489963653Z,2022-05-23T05:31:03.489963653Z,2022-05-23T04:37:40Z,4.83,LPG,Aty,Esp-4
,,12,2022-05-23T04:31:03.489963653Z,2022-05-23T05:31:03.489963653Z,2022-05-23T04:37:50Z,4.77,LPG,Aty,Esp-4
,,12,2022-05-23T04:31:03.489963653Z,2022-05-23T05:31:03.489963653Z,2022-05-23T04:38:50Z,4.87,LPG,Aty,Esp-4
,,12,2022-05-23T04:31:03.489963653Z,2022-05-23T05:31:03.489963653Z,2022-05-23T04:39:00Z,4.81,LPG,Aty,Esp-4
,,12,2022-05-23T04:31:03.489963653Z,2022-05-23T05:31:03.489963653Z,2022-05-23T04:39:20Z,4.78,LPG,Aty,Esp-4
,,12,2022-05-23T04:31:03.489963653Z,2022-05-23T05:31:03.489963653Z,2022-05-23T05:25:40Z,4.53,LPG,Aty,Esp-4
,,12,2022-05-23T04:31:03.489963653Z,2022-05-23T05:31:03.489963653Z,2022-05-23T05:26:00Z,4.49,LPG,Aty,Esp-4
,,12,2022-05-23T04:31:03.489963653Z,2022-05-23T05:31:03.489963653Z,2022-05-23T05:26:20Z,4.61,LPG,Aty,Esp-4
,,12,2022-05-23T04:31:03.489963653Z,2022-05-23T05:31:03.489963653Z,2022-05-23T05:26:30Z,4.51,LPG,Aty,Esp-4
,,12,2022-05-23T04:31:03.489963653Z,2022-05-23T05:31:03.489963653Z,2022-05-23T05:27:00Z,4.53,LPG,Aty,Esp-4
,,12,2022-05-23T04:31:03.489963653Z,2022-05-23T05:31:03.489963653Z,2022-05-23T05:27:10Z,4.52,LPG,Aty,Esp-4
,,12,2022-05-23T04:31:03.489963653Z,2022-05-23T05:31:03.489963653Z,2022-05-23T05:27:30Z,4.55,LPG,Aty,Esp-4
,,12,2022-05-23T04:31:03.489963653Z,2022-05-23T05:31:03.489963653Z,2022-05-23T05:27:50Z,4.52,LPG,Aty,Esp-4
,,12,2022-05-23T04:31:03.489963653Z,2022-05-23T05:31:03.489963653Z,2022-05-23T05:28:00Z,4.52,LPG,Aty,Esp-4
,,12,2022-05-23T04:31:03.489963653Z,2022-05-23T05:31:03.489963653Z,2022-05-23T05:28:40Z,4.51,LPG,Aty,Esp-4
,,12,2022-05-23T04:31:03.489963653Z,2022-05-23T05:31:03.489963653Z,2022-05-23T05:29:00Z,4.53,LPG,Aty,Esp-4
,,12,2022-05-23T04:31:03.489963653Z,2022-05-23T05:31:03.489963653Z,2022-05-23T05:29:20Z,4.51,LPG,Aty,Esp-4
,,12,2022-05-23T04:31:03.489963653Z,2022-05-23T05:31:03.489963653Z,2022-05-23T05:29:30Z,4.53,LPG,Aty,Esp-4
,,12,2022-05-23T04:31:03.489963653Z,2022-05-23T05:31:03.489963653Z,2022-05-23T05:30:40Z,4.52,LPG,Aty,Esp-4
,,12,2022-05-23T04:31:03.489963653Z,2022-05-23T05:31:03.489963653Z,2022-05-23T05:31:00Z,4.5,LPG,Aty,Esp-4
,,13,2022-05-23T04:31:03.489963653Z,2022-05-23T05:31:03.489963653Z,2022-05-23T04:31:10Z,6.44,NH4,Aty,Esp-4
,,13,2022-05-23T04:31:03.489963653Z,2022-05-23T05:31:03.489963653Z,2022-05-23T04:31:30Z,6.4,NH4,Aty,Esp-4
,,13,2022-05-23T04:31:03.489963653Z,2022-05-23T05:31:03.489963653Z,2022-05-23T04:31:50Z,6.46,NH4,Aty,Esp-4
,,13,2022-05-23T04:31:03.489963653Z,2022-05-23T05:31:03.489963653Z,2022-05-23T04:32:00Z,6.32,NH4,Aty,Esp-4
,,13,2022-05-23T04:31:03.489963653Z,2022-05-23T05:31:03.489963653Z,2022-05-23T04:32:40Z,6.37,NH4,Aty,Esp-4
,,13,2022-05-23T04:31:03.489963653Z,2022-05-23T05:31:03.489963653Z,2022-05-23T04:33:00Z,6.34,NH4,Aty,Esp-4
,,13,2022-05-23T04:31:03.489963653Z,2022-05-23T05:31:03.489963653Z,2022-05-23T04:33:20Z,6.37,NH4,Aty,Esp-4
,,13,2022-05-23T04:31:03.489963653Z,2022-05-23T05:31:03.489963653Z,2022-05-23T04:33:40Z,6.32,NH4,Aty,Esp-4
,,13,2022-05-23T04:31:03.489963653Z,2022-05-23T05:31:03.489963653Z,2022-05-23T04:34:30Z,6.29,NH4,Aty,Esp-4
,,13,2022-05-23T04:31:03.489963653Z,2022-05-23T05:31:03.489963653Z,2022-05-23T04:35:10Z,6.3,NH4,Aty,Esp-4
,,13,2022-05-23T04:31:03.489963653Z,2022-05-23T05:31:03.489963653Z,2022-05-23T04:35:20Z,6.3,NH4,Aty,Esp-4
,,13,2022-05-23T04:31:03.489963653Z,2022-05-23T05:31:03.489963653Z,2022-05-23T04:35:40Z,6.34,NH4,Aty,Esp-4
,,13,2022-05-23T04:31:03.489963653Z,2022-05-23T05:31:03.489963653Z,2022-05-23T04:36:00Z,6.35,NH4,Aty,Esp-4
,,13,2022-05-23T04:31:03.489963653Z,2022-05-23T05:31:03.489963653Z,2022-05-23T04:36:20Z,6.38,NH4,Aty,Esp-4
,,13,2022-05-23T04:31:03.489963653Z,2022-05-23T05:31:03.489963653Z,2022-05-23T04:36:30Z,6.45,NH4,Aty,Esp-4
,,13,2022-05-23T04:31:03.489963653Z,2022-05-23T05:31:03.489963653Z,2022-05-23T04:37:00Z,6.4,NH4,Aty,Esp-4
,,13,2022-05-23T04:31:03.489963653Z,2022-05-23T05:31:03.489963653Z,2022-05-23T04:37:10Z,6.39,NH4,Aty,Esp-4
,,13,2022-05-23T04:31:03.489963653Z,2022-05-23T05:31:03.489963653Z,2022-05-23T04:37:30Z,6.38,NH4,Aty,Esp-4
,,13,2022-05-23T04:31:03.489963653Z,2022-05-23T05:31:03.489963653Z,2022-05-23T04:37:50Z,6.36,NH4,Aty,Esp-4
,,13,2022-05-23T04:31:03.489963653Z,2022-05-23T05:31:03.489963653Z,2022-05-23T04:38:10Z,6.35,NH4,Aty,Esp-4
,,13,2022-05-23T04:31:03.489963653Z,2022-05-23T05:31:03.489963653Z,2022-05-23T04:38:40Z,4.59,NH4,Aty,Esp-4
,,13,2022-05-23T04:31:03.489963653Z,2022-05-23T05:31:03.489963653Z,2022-05-23T04:39:00Z,6.36,NH4,Aty,Esp-4
,,13,2022-05-23T04:31:03.489963653Z,2022-05-23T05:31:03.489963653Z,2022-05-23T04:39:10Z,6.37,NH4,Aty,Esp-4
,,13,2022-05-23T04:31:03.489963653Z,2022-05-23T05:31:03.489963653Z,2022-05-23T05:25:50Z,5.92,NH4,Aty,Esp-4
,,13,2022-05-23T04:31:03.489963653Z,2022-05-23T05:31:03.489963653Z,2022-05-23T05:26:10Z,5.9,NH4,Aty,Esp-4
,,13,2022-05-23T04:31:03.489963653Z,2022-05-23T05:31:03.489963653Z,2022-05-23T05:26:20Z,5.86,NH4,Aty,Esp-4
,,13,2022-05-23T04:31:03.489963653Z,2022-05-23T05:31:03.489963653Z,2022-05-23T05:26:40Z,6.03,NH4,Aty,Esp-4
,,13,2022-05-23T04:31:03.489963653Z,2022-05-23T05:31:03.489963653Z,2022-05-23T05:27:00Z,5.85,NH4,Aty,Esp-4
,,13,2022-05-23T04:31:03.489963653Z,2022-05-23T05:31:03.489963653Z,2022-05-23T05:27:20Z,6.07,NH4,Aty,Esp-4
,,13,2022-05-23T04:31:03.489963653Z,2022-05-23T05:31:03.489963653Z,2022-05-23T05:27:40Z,5.92,NH4,Aty,Esp-4
,,13,2022-05-23T04:31:03.489963653Z,2022-05-23T05:31:03.489963653Z,2022-05-23T05:28:00Z,5.94,NH4,Aty,Esp-4
,,13,2022-05-23T04:31:03.489963653Z,2022-05-23T05:31:03.489963653Z,2022-05-23T05:28:40Z,5.87,NH4,Aty,Esp-4
,,13,2022-05-23T04:31:03.489963653Z,2022-05-23T05:31:03.489963653Z,2022-05-23T05:28:50Z,5.91,NH4,Aty,Esp-4
,,13,2022-05-23T04:31:03.489963653Z,2022-05-23T05:31:03.489963653Z,2022-05-23T05:29:10Z,5.99,NH4,Aty,Esp-4
,,13,2022-05-23T04:31:03.489963653Z,2022-05-23T05:31:03.489963653Z,2022-05-23T05:29:20Z,5.88,NH4,Aty,Esp-4
,,13,2022-05-23T04:31:03.489963653Z,2022-05-23T05:31:03.489963653Z,2022-05-23T05:30:40Z,5.95,NH4,Aty,Esp-4
,,13,2022-05-23T04:31:03.489963653Z,2022-05-23T05:31:03.489963653Z,2022-05-23T05:31:00Z,5.9,NH4,Aty,Esp-4
,,14,2022-05-23T04:31:03.489963653Z,2022-05-23T05:31:03.489963653Z,2022-05-23T04:31:10Z,28,Temperature,Aty,Esp-4
,,14,2022-05-23T04:31:03.489963653Z,2022-05-23T05:31:03.489963653Z,2022-05-23T04:31:50Z,28,Temperature,Aty,Esp-4
,,14,2022-05-23T04:31:03.489963653Z,2022-05-23T05:31:03.489963653Z,2022-05-23T04:32:10Z,28,Temperature,Aty,Esp-4
,,14,2022-05-23T04:31:03.489963653Z,2022-05-23T05:31:03.489963653Z,2022-05-23T04:32:40Z,28,Temperature,Aty,Esp-4
,,14,2022-05-23T04:31:03.489963653Z,2022-05-23T05:31:03.489963653Z,2022-05-23T04:33:00Z,28,Temperature,Aty,Esp-4
,,14,2022-05-23T04:31:03.489963653Z,2022-05-23T05:31:03.489963653Z,2022-05-23T04:33:20Z,28,Temperature,Aty,Esp-4
,,14,2022-05-23T04:31:03.489963653Z,2022-05-23T05:31:03.489963653Z,2022-05-23T04:33:40Z,28,Temperature,Aty,Esp-4
,,14,2022-05-23T04:31:03.489963653Z,2022-05-23T05:31:03.489963653Z,2022-05-23T04:34:20Z,28,Temperature,Aty,Esp-4
,,14,2022-05-23T04:31:03.489963653Z,2022-05-23T05:31:03.489963653Z,2022-05-23T04:34:30Z,28,Temperature,Aty,Esp-4
,,14,2022-05-23T04:31:03.489963653Z,2022-05-23T05:31:03.489963653Z,2022-05-23T04:35:10Z,28,Temperature,Aty,Esp-4
,,14,2022-05-23T04:31:03.489963653Z,2022-05-23T05:31:03.489963653Z,2022-05-23T04:35:30Z,28,Temperature,Aty,Esp-4
,,14,2022-05-23T04:31:03.489963653Z,2022-05-23T05:31:03.489963653Z,2022-05-23T04:35:40Z,28,Temperature,Aty,Esp-4
,,14,2022-05-23T04:31:03.489963653Z,2022-05-23T05:31:03.489963653Z,2022-05-23T04:36:00Z,28,Temperature,Aty,Esp-4
,,14,2022-05-23T04:31:03.489963653Z,2022-05-23T05:31:03.489963653Z,2022-05-23T04:36:20Z,28,Temperature,Aty,Esp-4
,,14,2022-05-23T04:31:03.489963653Z,2022-05-23T05:31:03.489963653Z,2022-05-23T04:36:40Z,28,Temperature,Aty,Esp-4
,,14,2022-05-23T04:31:03.489963653Z,2022-05-23T05:31:03.489963653Z,2022-05-23T04:37:00Z,28,Temperature,Aty,Esp-4
,,14,2022-05-23T04:31:03.489963653Z,2022-05-23T05:31:03.489963653Z,2022-05-23T04:37:10Z,28,Temperature,Aty,Esp-4
,,14,2022-05-23T04:31:03.489963653Z,2022-05-23T05:31:03.489963653Z,2022-05-23T04:37:30Z,28,Temperature,Aty,Esp-4
,,14,2022-05-23T04:31:03.489963653Z,2022-05-23T05:31:03.489963653Z,2022-05-23T04:37:50Z,28,Temperature,Aty,Esp-4
,,14,2022-05-23T04:31:03.489963653Z,2022-05-23T05:31:03.489963653Z,2022-05-23T04:38:10Z,28,Temperature,Aty,Esp-4
,,14,2022-05-23T04:31:03.489963653Z,2022-05-23T05:31:03.489963653Z,2022-05-23T04:38:50Z,28,Temperature,Aty,Esp-4
,,14,2022-05-23T04:31:03.489963653Z,2022-05-23T05:31:03.489963653Z,2022-05-23T04:39:00Z,28,Temperature,Aty,Esp-4
,,14,2022-05-23T04:31:03.489963653Z,2022-05-23T05:31:03.489963653Z,2022-05-23T04:39:20Z,28,Temperature,Aty,Esp-4
,,14,2022-05-23T04:31:03.489963653Z,2022-05-23T05:31:03.489963653Z,2022-05-23T05:25:40Z,28.1,Temperature,Aty,Esp-4
,,14,2022-05-23T04:31:03.489963653Z,2022-05-23T05:31:03.489963653Z,2022-05-23T05:25:50Z,28,Temperature,Aty,Esp-4
,,14,2022-05-23T04:31:03.489963653Z,2022-05-23T05:31:03.489963653Z,2022-05-23T05:26:10Z,28.1,Temperature,Aty,Esp-4
,,14,2022-05-23T04:31:03.489963653Z,2022-05-23T05:31:03.489963653Z,2022-05-23T05:26:30Z,28.4,Temperature,Aty,Esp-4
,,14,2022-05-23T04:31:03.489963653Z,2022-05-23T05:31:03.489963653Z,2022-05-23T05:26:50Z,28.5,Temperature,Aty,Esp-4
,,14,2022-05-23T04:31:03.489963653Z,2022-05-23T05:31:03.489963653Z,2022-05-23T05:27:10Z,28.5,Temperature,Aty,Esp-4
,,14,2022-05-23T04:31:03.489963653Z,2022-05-23T05:31:03.489963653Z,2022-05-23T05:27:20Z,28.5,Temperature,Aty,Esp-4
,,14,2022-05-23T04:31:03.489963653Z,2022-05-23T05:31:03.489963653Z,2022-05-23T05:27:40Z,28.5,Temperature,Aty,Esp-4
,,14,2022-05-23T04:31:03.489963653Z,2022-05-23T05:31:03.489963653Z,2022-05-23T05:28:00Z,28.5,Temperature,Aty,Esp-4
,,14,2022-05-23T04:31:03.489963653Z,2022-05-23T05:31:03.489963653Z,2022-05-23T05:28:40Z,28.5,Temperature,Aty,Esp-4
,,14,2022-05-23T04:31:03.489963653Z,2022-05-23T05:31:03.489963653Z,2022-05-23T05:28:50Z,28.5,Temperature,Aty,Esp-4
,,14,2022-05-23T04:31:03.489963653Z,2022-05-23T05:31:03.489963653Z,2022-05-23T05:29:10Z,28.5,Temperature,Aty,Esp-4
,,14,2022-05-23T04:31:03.489963653Z,2022-05-23T05:31:03.489963653Z,2022-05-23T05:29:30Z,28.5,Temperature,Aty,Esp-4
,,14,2022-05-23T04:31:03.489963653Z,2022-05-23T05:31:03.489963653Z,2022-05-23T05:30:40Z,28.5,Temperature,Aty,Esp-4
,,14,2022-05-23T04:31:03.489963653Z,2022-05-23T05:31:03.489963653Z,2022-05-23T05:31:00Z,28.5,Temperature,Aty,Esp-4
,,15,2022-05-23T04:31:03.489963653Z,2022-05-23T05:31:03.489963653Z,2022-05-23T04:31:10Z,415,WindSpeed,Aty,Esp-4
,,15,2022-05-23T04:31:03.489963653Z,2022-05-23T05:31:03.489963653Z,2022-05-23T04:31:50Z,724,WindSpeed,Aty,Esp-4
,,15,2022-05-23T04:31:03.489963653Z,2022-05-23T05:31:03.489963653Z,2022-05-23T04:32:00Z,936,WindSpeed,Aty,Esp-4
,,15,2022-05-23T04:31:03.489963653Z,2022-05-23T05:31:03.489963653Z,2022-05-23T04:32:10Z,747,WindSpeed,Aty,Esp-4
,,15,2022-05-23T04:31:03.489963653Z,2022-05-23T05:31:03.489963653Z,2022-05-23T04:32:50Z,903,WindSpeed,Aty,Esp-4
,,15,2022-05-23T04:31:03.489963653Z,2022-05-23T05:31:03.489963653Z,2022-05-23T04:33:00Z,102,WindSpeed,Aty,Esp-4
,,15,2022-05-23T04:31:03.489963653Z,2022-05-23T05:31:03.489963653Z,2022-05-23T04:33:20Z,423,WindSpeed,Aty,Esp-4
,,15,2022-05-23T04:31:03.489963653Z,2022-05-23T05:31:03.489963653Z,2022-05-23T04:33:40Z,798,WindSpeed,Aty,Esp-4
,,15,2022-05-23T04:31:03.489963653Z,2022-05-23T05:31:03.489963653Z,2022-05-23T04:34:20Z,835,WindSpeed,Aty,Esp-4
,,15,2022-05-23T04:31:03.489963653Z,2022-05-23T05:31:03.489963653Z,2022-05-23T04:35:10Z,452,WindSpeed,Aty,Esp-4
,,15,2022-05-23T04:31:03.489963653Z,2022-05-23T05:31:03.489963653Z,2022-05-23T04:35:30Z,73,WindSpeed,Aty,Esp-4
,,15,2022-05-23T04:31:03.489963653Z,2022-05-23T05:31:03.489963653Z,2022-05-23T04:35:50Z,728,WindSpeed,Aty,Esp-4
,,15,2022-05-23T04:31:03.489963653Z,2022-05-23T05:31:03.489963653Z,2022-05-23T04:36:00Z,724,WindSpeed,Aty,Esp-4
,,15,2022-05-23T04:31:03.489963653Z,2022-05-23T05:31:03.489963653Z,2022-05-23T04:36:20Z,242,WindSpeed,Aty,Esp-4
,,15,2022-05-23T04:31:03.489963653Z,2022-05-23T05:31:03.489963653Z,2022-05-23T04:36:40Z,570,WindSpeed,Aty,Esp-4
,,15,2022-05-23T04:31:03.489963653Z,2022-05-23T05:31:03.489963653Z,2022-05-23T04:37:00Z,176,WindSpeed,Aty,Esp-4
,,15,2022-05-23T04:31:03.489963653Z,2022-05-23T05:31:03.489963653Z,2022-05-23T04:37:20Z,103,WindSpeed,Aty,Esp-4
,,15,2022-05-23T04:31:03.489963653Z,2022-05-23T05:31:03.489963653Z,2022-05-23T04:37:30Z,267,WindSpeed,Aty,Esp-4
,,15,2022-05-23T04:31:03.489963653Z,2022-05-23T05:31:03.489963653Z,2022-05-23T04:37:50Z,667,WindSpeed,Aty,Esp-4
,,15,2022-05-23T04:31:03.489963653Z,2022-05-23T05:31:03.489963653Z,2022-05-23T04:38:10Z,708,WindSpeed,Aty,Esp-4
,,15,2022-05-23T04:31:03.489963653Z,2022-05-23T05:31:03.489963653Z,2022-05-23T04:38:50Z,801,WindSpeed,Aty,Esp-4
,,15,2022-05-23T04:31:03.489963653Z,2022-05-23T05:31:03.489963653Z,2022-05-23T04:39:00Z,40,WindSpeed,Aty,Esp-4
,,15,2022-05-23T04:31:03.489963653Z,2022-05-23T05:31:03.489963653Z,2022-05-23T04:39:20Z,855,WindSpeed,Aty,Esp-4
,,15,2022-05-23T04:31:03.489963653Z,2022-05-23T05:31:03.489963653Z,2022-05-23T05:25:40Z,488,WindSpeed,Aty,Esp-4
,,15,2022-05-23T04:31:03.489963653Z,2022-05-23T05:31:03.489963653Z,2022-05-23T05:26:00Z,532,WindSpeed,Aty,Esp-4
,,15,2022-05-23T04:31:03.489963653Z,2022-05-23T05:31:03.489963653Z,2022-05-23T05:26:20Z,439,WindSpeed,Aty,Esp-4
,,15,2022-05-23T04:31:03.489963653Z,2022-05-23T05:31:03.489963653Z,2022-05-23T05:26:30Z,123,WindSpeed,Aty,Esp-4
,,15,2022-05-23T04:31:03.489963653Z,2022-05-23T05:31:03.489963653Z,2022-05-23T05:27:00Z,543,WindSpeed,Aty,Esp-4
,,15,2022-05-23T04:31:03.489963653Z,2022-05-23T05:31:03.489963653Z,2022-05-23T05:27:10Z,255,WindSpeed,Aty,Esp-4
,,15,2022-05-23T04:31:03.489963653Z,2022-05-23T05:31:03.489963653Z,2022-05-23T05:27:20Z,698,WindSpeed,Aty,Esp-4
,,15,2022-05-23T04:31:03.489963653Z,2022-05-23T05:31:03.489963653Z,2022-05-23T05:27:40Z,896,WindSpeed,Aty,Esp-4
,,15,2022-05-23T04:31:03.489963653Z,2022-05-23T05:31:03.489963653Z,2022-05-23T05:28:00Z,235,WindSpeed,Aty,Esp-4
,,15,2022-05-23T04:31:03.489963653Z,2022-05-23T05:31:03.489963653Z,2022-05-23T05:28:40Z,861,WindSpeed,Aty,Esp-4
,,15,2022-05-23T04:31:03.489963653Z,2022-05-23T05:31:03.489963653Z,2022-05-23T05:28:50Z,599,WindSpeed,Aty,Esp-4
,,15,2022-05-23T04:31:03.489963653Z,2022-05-23T05:31:03.489963653Z,2022-05-23T05:29:20Z,51,WindSpeed,Aty,Esp-4
,,15,2022-05-23T04:31:03.489963653Z,2022-05-23T05:31:03.489963653Z,2022-05-23T05:29:30Z,634,WindSpeed,Aty,Esp-4
,,15,2022-05-23T04:31:03.489963653Z,2022-05-23T05:31:03.489963653Z,2022-05-23T05:30:40Z,81,WindSpeed,Aty,Esp-4
,,15,2022-05-23T04:31:03.489963653Z,2022-05-23T05:31:03.489963653Z,2022-05-23T05:31:00Z,176,WindSpeed,Aty,Esp-4

